escala,variable,cvegeo,Ii,p_sim,cluster,nombre
AGEB,log_dens_neg,3105000015329,0.4350226066902255,0.041,HH,
AGEB,log_dens_neg,3105000012466,-0.013966871762641704,0.217,No significativo,
AGEB,log_dens_neg,310500001249A,0.19635364726038657,0.069,No significativo,
AGEB,log_dens_neg,3105000015827,-0.0023087400203211515,0.393,No significativo,
AGEB,log_dens_neg,3105000014706,-0.0787422071344646,0.301,No significativo,
AGEB,log_dens_neg,3105000013784,0.2514042109439986,0.276,No significativo,
AGEB,log_dens_neg,3105000013695,-0.0017788046453085606,0.407,No significativo,
AGEB,log_dens_neg,3105000010760,0.36443963091936493,0.108,No significativo,
AGEB,log_dens_neg,3105000015259,0.8604737439120592,0.006,HH,
AGEB,log_dens_neg,3105000011858,0.014852326540753075,0.458,No significativo,
AGEB,log_dens_neg,3105000014814,-0.04856243824902368,0.123,No significativo,
AGEB,log_dens_neg,3105000016736,0.9996305285806476,0.222,No significativo,
AGEB,log_dens_neg,310500001021A,0.2470497170254158,0.019,HH,
AGEB,log_dens_neg,3105000013958,0.004923047751952725,0.387,No significativo,
AGEB,log_dens_neg,3105000011542,-0.02922163506377197,0.481,No significativo,
AGEB,log_dens_neg,3105000012589,0.03769469682774405,0.252,No significativo,
AGEB,log_dens_neg,3105000010629,0.6047994694088134,0.001,HH,
AGEB,log_dens_neg,3105000010493,0.4387573723792778,0.001,HH,
AGEB,log_dens_neg,3105000015742,0.09601911434297038,0.201,No significativo,
AGEB,log_dens_neg,3105000011468,-0.06949207621399045,0.15,No significativo,
AGEB,log_dens_neg,3105000014513,0.11742673597662716,0.353,No significativo,
AGEB,log_dens_neg,3105000012856,0.5582905770584401,0.011,HH,
AGEB,log_dens_neg,3105000011523,-0.013920796166414865,0.466,No significativo,
AGEB,log_dens_neg,3105000014301,0.058152614412789794,0.363,No significativo,
AGEB,log_dens_neg,3105000010718,0.21862719245704657,0.01,HH,
AGEB,log_dens_neg,3105000012678,0.40246708955943455,0.092,No significativo,
AGEB,log_dens_neg,3105000016399,0.43083786812042996,0.026,HH,
AGEB,log_dens_neg,3105000013407,0.060232715259442356,0.324,No significativo,
AGEB,log_dens_neg,3105000014547,-0.018384183150631787,0.364,No significativo,
AGEB,log_dens_neg,3105000012682,0.3557741776215994,0.009,HH,
AGEB,log_dens_neg,3105000013125,-0.054343382142993786,0.329,No significativo,
AGEB,log_dens_neg,3105000012269,0.3475905168699455,0.13,No significativo,
AGEB,log_dens_neg,3105000010597,0.2460804055918937,0.108,No significativo,
AGEB,log_dens_neg,3105000014034,0.06782046365918043,0.162,No significativo,
AGEB,log_dens_neg,3105000013163,-0.05330146206423848,0.343,No significativo,
AGEB,log_dens_neg,3105000015314,0.4341138539552861,0.037,HH,
AGEB,log_dens_neg,3105000010652,0.3813735015550443,0.096,No significativo,
AGEB,log_dens_neg,3105000014000,-0.08132997939687461,0.084,No significativo,
AGEB,log_dens_neg,3105000012663,0.08776514752110812,0.152,No significativo,
AGEB,log_dens_neg,3105000010309,0.20976088275558263,0.162,No significativo,
AGEB,log_dens_neg,310500001053A,0.258926587141311,0.025,HH,
AGEB,log_dens_neg,3105000014316,-0.03948489413538493,0.349,No significativo,
AGEB,log_dens_neg,3105000012803,0.18045971877445732,0.243,No significativo,
AGEB,log_dens_neg,3105000010489,0.38726471145276425,0.037,HH,
AGEB,log_dens_neg,3105000012216,-0.24943046556389548,0.094,No significativo,
AGEB,log_dens_neg,3105000014886,-0.010173414177426274,0.293,No significativo,
AGEB,log_dens_neg,3105000015102,0.004939338057434471,0.299,No significativo,
AGEB,log_dens_neg,3105000015070,0.3791066765523481,0.02,HH,
AGEB,log_dens_neg,3105000013962,0.00864441795711325,0.364,No significativo,
AGEB,log_dens_neg,3105000015047,-0.10657001029761794,0.402,No significativo,
AGEB,log_dens_neg,3105000016238,-0.017510039486072045,0.413,No significativo,
AGEB,log_dens_neg,310500001224A,0.05063726167701448,0.299,No significativo,
AGEB,log_dens_neg,3105000010563,0.16176809356236488,0.016,HH,
AGEB,log_dens_neg,3105000012396,0.27516947155519966,0.005,HH,
AGEB,log_dens_neg,3105000013394,0.008734210602181543,0.419,No significativo,
AGEB,log_dens_neg,3105000014566,0.007916385119446215,0.496,No significativo,
AGEB,log_dens_neg,3105000014890,-0.01554779781066111,0.152,No significativo,
AGEB,log_dens_neg,3105000013727,0.11735610719150112,0.291,No significativo,
AGEB,log_dens_neg,3105000015282,0.076978869022471,0.121,No significativo,
AGEB,log_dens_neg,3105000012979,0.5399586587268015,0.008,HH,
AGEB,log_dens_neg,3105000012555,0.3108477652513776,0.174,No significativo,
AGEB,log_dens_neg,3105000014867,0.18939398079063396,0.038,HH,
AGEB,log_dens_neg,310500001263A,0.35458059453488006,0.072,No significativo,
AGEB,log_dens_neg,3105000015263,0.553174960666938,0.001,HH,
AGEB,log_dens_neg,3105000013267,0.1394823121148847,0.086,No significativo,
AGEB,log_dens_neg,3105000014087,0.6144606747058722,0.01,HH,
AGEB,log_dens_neg,310500001612A,0.036837312807358344,0.497,No significativo,
AGEB,log_dens_neg,3105000010169,0.6059454796296958,0.001,HH,
AGEB,log_dens_neg,3105000010633,0.5180680223415998,0.001,HH,
AGEB,log_dens_neg,3105000015278,0.15246747070553873,0.229,No significativo,
AGEB,log_dens_neg,3105000011913,0.045543013259079564,0.319,No significativo,
AGEB,log_dens_neg,3105000016115,-0.06321256610202539,0.268,No significativo,
AGEB,log_dens_neg,3105000014119,0.3396369022508879,0.037,HH,
AGEB,log_dens_neg,3105000015140,-0.3758926606067475,0.104,No significativo,
AGEB,log_dens_neg,3105000011631,0.19094122264098326,0.157,No significativo,
AGEB,log_dens_neg,3105000010756,0.317561734003087,0.006,HH,
AGEB,log_dens_neg,3105000015244,1.1563576675015577,0.001,HH,
AGEB,log_dens_neg,3105000012470,-0.057954503475700886,0.284,No significativo,
AGEB,log_dens_neg,3105000012818,0.27212110909133935,0.161,No significativo,
AGEB,log_dens_neg,3105000015418,-0.25826792785241875,0.192,No significativo,
AGEB,log_dens_neg,3105000013981,0.24253827518459983,0.034,HH,
AGEB,log_dens_neg,310500001637A,0.7411722343473577,0.019,HH,
AGEB,log_dens_neg,3105000015583,0.30018777671095714,0.242,No significativo,
AGEB,log_dens_neg,3105000013214,0.08258756744933009,0.072,No significativo,
AGEB,log_dens_neg,3105000012998,0.1486138355066112,0.161,No significativo,
AGEB,log_dens_neg,3105000014227,0.2619904930399724,0.197,No significativo,
AGEB,log_dens_neg,3105000015051,-0.09672232206971433,0.488,No significativo,
AGEB,log_dens_neg,3105000013939,-0.003347045753776814,0.475,No significativo,
AGEB,log_dens_neg,3105000014208,0.2858003470746039,0.075,No significativo,
AGEB,log_dens_neg,310500001320A,-0.10738444410003327,0.107,No significativo,
AGEB,log_dens_neg,3105000012432,0.33217370033566773,0.016,HH,
AGEB,log_dens_neg,3105000013144,0.4519172136225561,0.072,No significativo,
AGEB,log_dens_neg,3105000016492,-0.021584963970143648,0.084,No significativo,
AGEB,log_dens_neg,3105000016539,0.01903986345699283,0.306,No significativo,
AGEB,log_dens_neg,3105000011665,-0.014529162972608726,0.48,No significativo,
AGEB,log_dens_neg,3105000010544,0.3309730871785314,0.107,No significativo,
AGEB,log_dens_neg,3105000014570,0.036521619323824764,0.171,No significativo,
AGEB,log_dens_neg,310500001523A,0.9576589805283136,0.001,HH,
AGEB,log_dens_neg,3105000012860,0.2119915058420667,0.13,No significativo,
AGEB,log_dens_neg,3105000012521,0.10257682181854537,0.398,No significativo,
AGEB,log_dens_neg,3105000014176,0.3555973695925387,0.016,HH,
AGEB,log_dens_neg,3105000016755,1.4154021456894117,0.026,LL,
AGEB,log_dens_neg,3105000015723,0.10750392501894483,0.377,No significativo,
AGEB,log_dens_neg,3105000012729,0.6420600913590843,0.005,HH,
AGEB,log_dens_neg,3105000010826,0.05291450585328663,0.453,No significativo,
AGEB,log_dens_neg,3105000013159,0.5024094248895965,0.007,HH,
AGEB,log_dens_neg,3105000014072,0.2990680830780753,0.105,No significativo,
AGEB,log_dens_neg,3105000014138,0.3022261890630936,0.209,No significativo,
AGEB,log_dens_neg,3105000011773,0.5849285025768165,0.02,HH,
AGEB,log_dens_neg,3105000013708,0.11393750726835326,0.38,No significativo,
AGEB,log_dens_neg,3105000011716,0.10510860232401478,0.246,No significativo,
AGEB,log_dens_neg,310500001509A,0.13040817705289018,0.413,No significativo,
AGEB,log_dens_neg,3105000015672,0.06675687544041256,0.33,No significativo,
AGEB,log_dens_neg,3105000011241,0.6499870310113111,0.005,HH,
AGEB,log_dens_neg,3105000015598,-0.0032349798899409653,0.422,No significativo,
AGEB,log_dens_neg,3105000014481,0.027421385091428597,0.172,No significativo,
AGEB,log_dens_neg,3105000015831,0.01389904672642331,0.254,No significativo,
AGEB,log_dens_neg,3105000015719,0.005095761776236805,0.327,No significativo,
AGEB,log_dens_neg,3105000012517,0.4499480658988297,0.004,HH,
AGEB,log_dens_neg,3105000013290,0.08507218680746989,0.293,No significativo,
AGEB,log_dens_neg,3105000014195,0.01700031711927637,0.328,No significativo,
AGEB,log_dens_neg,3105000013430,0.08021748874607776,0.259,No significativo,
AGEB,log_dens_neg,3105000012540,0.2589847833459715,0.055,No significativo,
AGEB,log_dens_neg,3105000013765,0.04920708494743371,0.425,No significativo,
AGEB,log_dens_neg,3105000014829,-0.01242246931839359,0.436,No significativo,
AGEB,log_dens_neg,3105000012907,0.24325336190116204,0.186,No significativo,
AGEB,log_dens_neg,3105000012574,0.0030999220855389923,0.42,No significativo,
AGEB,log_dens_neg,3105000014161,0.5157706362968464,0.073,No significativo,
AGEB,log_dens_neg,3105000013055,-0.07445335433334345,0.145,No significativo,
AGEB,log_dens_neg,3105000014104,0.47420078501950885,0.006,HH,
AGEB,log_dens_neg,3105000015780,-0.008895397416975186,0.42,No significativo,
AGEB,log_dens_neg,3105000013854,0.13515799135172749,0.104,No significativo,
AGEB,log_dens_neg,3105000015935,0.23578394087380636,0.168,No significativo,
AGEB,log_dens_neg,310500001313A,0.0181615634348364,0.439,No significativo,
AGEB,log_dens_neg,310500001060A,0.30474778861038176,0.005,HH,
AGEB,log_dens_neg,3105000010686,0.32958153523549677,0.026,HH,
AGEB,log_dens_neg,3105000013996,0.04583720593237491,0.484,No significativo,
AGEB,log_dens_neg,3105000015687,0.22589002014691312,0.29,No significativo,
AGEB,log_dens_neg,3105000014354,0.1518648702772337,0.166,No significativo,
AGEB,log_dens_neg,3105000012771,0.215007499644377,0.269,No significativo,
AGEB,log_dens_neg,3105000015738,0.16487002396613087,0.241,No significativo,
AGEB,log_dens_neg,3105000016153,0.06367352339783984,0.482,No significativo,
AGEB,log_dens_neg,3105000012964,0.21193055752359452,0.038,HH,
AGEB,log_dens_neg,3105000011824,0.03487810455674401,0.481,No significativo,
AGEB,log_dens_neg,3105000014142,0.8358948795264132,0.01,HH,
AGEB,log_dens_neg,3105000012292,0.14799340594408164,0.145,No significativo,
AGEB,log_dens_neg,3105000012358,0.6864649492343264,0.003,HH,
AGEB,log_dens_neg,3105000010440,2.1828731076867762,0.001,HH,
AGEB,log_dens_neg,3105000013036,-0.000686952793642772,0.399,No significativo,
AGEB,log_dens_neg,3105000010506,2.148661925583588,0.001,HH,
AGEB,log_dens_neg,3105000012841,0.4687175932938197,0.032,HH,
AGEB,log_dens_neg,310500001199A,0.7877330819451995,0.026,LL,
AGEB,log_dens_neg,3105000013905,0.028106543590334522,0.256,No significativo,
AGEB,log_dens_neg,3105000010455,2.1492978115795904,0.001,HH,
AGEB,log_dens_neg,3105000013106,-0.12803178741989582,0.261,No significativo,
AGEB,log_dens_neg,3105000012428,0.11165011495214679,0.384,No significativo,
AGEB,log_dens_neg,3105000013572,0.02911063447719706,0.347,No significativo,
AGEB,log_dens_neg,3105000012894,0.4604528871409312,0.02,HH,
AGEB,log_dens_neg,3105000011472,0.39912270106224673,0.079,No significativo,
AGEB,log_dens_neg,3105000010807,0.1674287519983925,0.286,No significativo,
AGEB,log_dens_neg,3105000014509,0.3142862715517339,0.069,No significativo,
AGEB,log_dens_neg,3105000015649,0.059312700439765394,0.342,No significativo,
AGEB,log_dens_neg,3105000014123,0.20974474542665428,0.108,No significativo,
AGEB,log_dens_neg,3105000015117,0.017681441523818942,0.442,No significativo,
AGEB,log_dens_neg,3105000012786,0.3187476025167339,0.079,No significativo,
AGEB,log_dens_neg,3105000010436,0.5440138935648857,0.007,HH,
AGEB,log_dens_neg,3105000015013,0.1779325918208832,0.111,No significativo,
AGEB,log_dens_neg,3105000014091,0.4161120892481109,0.012,HH,
AGEB,log_dens_neg,3105000013178,0.20089481555852753,0.026,HH,
AGEB,log_dens_neg,3105000016401,0.35545681254846434,0.019,HH,
AGEB,log_dens_neg,3105000011504,0.32580664369375945,0.093,No significativo,
AGEB,log_dens_neg,3105000010510,3.2745830484755216,0.001,HH,
AGEB,log_dens_neg,3105000010281,0.37224939083589237,0.176,No significativo,
AGEB,log_dens_neg,310500001231A,0.4012513996510322,0.075,No significativo,
AGEB,log_dens_neg,3105000012381,0.895581491764994,0.001,HH,
AGEB,log_dens_neg,3105000011699,0.08879616923977111,0.128,No significativo,
AGEB,log_dens_neg,3105000013426,0.06883830555387924,0.169,No significativo,
AGEB,log_dens_neg,310500001530A,0.2766560272324446,0.06,No significativo,
AGEB,log_dens_neg,3105000015795,0.008120975904112733,0.479,No significativo,
AGEB,log_dens_neg,310500001306A,0.022450163574003264,0.484,No significativo,
AGEB,log_dens_neg,3105000012409,0.33069561263243624,0.025,HH,
AGEB,log_dens_neg,310500001466A,0.18391075501901086,0.154,No significativo,
AGEB,log_dens_neg,3105000012201,0.0006524896047292118,0.408,No significativo,
AGEB,log_dens_neg,3105000014532,0.0692408322632325,0.472,No significativo,
AGEB,log_dens_neg,310500001384A,-0.005711114158512428,0.353,No significativo,
AGEB,log_dens_neg,3105000010741,0.36360926838472946,0.052,No significativo,
AGEB,log_dens_neg,3105000014710,-0.07671083067152304,0.087,No significativo,
AGEB,log_dens_neg,3105000011218,0.5387966294751789,0.006,HH,
AGEB,log_dens_neg,3105000015634,-0.026758492170603894,0.418,No significativo,
AGEB,log_dens_neg,3105000010421,0.22340755074998161,0.083,No significativo,
AGEB,log_dens_neg,3105000010296,0.31041943732614297,0.01,HH,
AGEB,log_dens_neg,3105000015225,0.6872839780613154,0.004,HH,
AGEB,log_dens_neg,3105000012644,0.39273610696951333,0.022,HH,
AGEB,log_dens_neg,3105000016505,0.1477166262838054,0.092,No significativo,
AGEB,log_dens_neg,3105000013197,0.08621721686121957,0.448,No significativo,
AGEB,log_dens_neg,3105000012451,0.08292269876864695,0.11,No significativo,
AGEB,log_dens_neg,3105000010525,1.0239460183901483,0.001,HH,
AGEB,log_dens_neg,3105000015850,0.07219481184560192,0.217,No significativo,
AGEB,log_dens_neg,3105000013271,0.023326681010824312,0.48,No significativo,
AGEB,log_dens_neg,3105000014068,0.08281474895703693,0.196,No significativo,
AGEB,log_dens_neg,3105000011487,0.2014240296670484,0.165,No significativo,
AGEB,log_dens_neg,3105000010667,0.2785160055285669,0.082,No significativo,
AGEB,log_dens_neg,3105000012502,0.05915750757068923,0.126,No significativo,
AGEB,log_dens_neg,3105000010671,0.2511196950990269,0.052,No significativo,
AGEB,log_dens_neg,3105000011561,0.06529179590685907,0.302,No significativo,
AGEB,log_dens_neg,3105000013869,-0.0005278032971306646,0.406,No significativo,
AGEB,log_dens_neg,3105000015189,0.2221280151147648,0.113,No significativo,
AGEB,log_dens_neg,3105000012610,-0.0611128010999387,0.334,No significativo,
AGEB,log_dens_neg,3105000015846,-0.06301272411975778,0.315,No significativo,
AGEB,log_dens_neg,310500001288A,0.09743699485954489,0.117,No significativo,
AGEB,log_dens_neg,3105000012606,0.9086702997474341,0.078,No significativo,
AGEB,log_dens_neg,3105000014621,-0.09984940698458888,0.071,No significativo,
AGEB,log_dens_neg,3105000015032,0.1374896010754952,0.179,No significativo,
AGEB,log_dens_neg,310500001039A,0.33315623345565465,0.111,No significativo,
AGEB,log_dens_neg,3105000012875,0.21751485512183702,0.104,No significativo,
AGEB,log_dens_neg,3105000016488,0.08453956521073963,0.402,No significativo,
AGEB,log_dens_neg,3105000015761,0.0717788717746261,0.336,No significativo,
AGEB,log_dens_neg,3105000010366,0.14824881815771498,0.038,HH,
AGEB,log_dens_neg,3105000015210,0.8640839204302426,0.033,HH,
AGEB,log_dens_neg,3105000013801,0.4338766009518422,0.078,No significativo,
AGEB,log_dens_neg,3105000013182,0.2740831098020187,0.144,No significativo,
AGEB,log_dens_neg,3105000013676,0.019852156847648184,0.483,No significativo,
AGEB,log_dens_neg,3105000012926,0.2646722282482011,0.025,HH,
AGEB,log_dens_neg,3105000011453,0.06917903023798631,0.258,No significativo,
AGEB,log_dens_neg,3105000011805,0.054867013306693725,0.205,No significativo,
AGEB,log_dens_neg,3105000015757,-0.09353329331876717,0.21,No significativo,
AGEB,log_dens_neg,3105000012714,0.6134614893504673,0.006,HH,
AGEB,log_dens_neg,3105000013746,0.009785293267097185,0.418,No significativo,
AGEB,log_dens_neg,3105000010347,0.27599202674235546,0.052,No significativo,
AGEB,log_dens_neg,3105000012748,-0.2991245024889367,0.036,LH,
AGEB,log_dens_neg,3105000014157,0.6853570932727333,0.049,HH,
AGEB,log_dens_neg,3105000010402,0.20901609108913602,0.206,No significativo,
AGEB,log_dens_neg,3105000016543,-0.050565213633080294,0.208,No significativo,
AGEB,log_dens_neg,3105000012447,0.5047700674900011,0.119,No significativo,
AGEB,log_dens_neg,3105000014528,0.10042169809830385,0.419,No significativo,
AGEB,log_dens_neg,3105000012911,0.3055949278605457,0.046,HH,
AGEB,log_dens_neg,3105000014617,0.2137905266156001,0.091,No significativo,
AGEB,log_dens_neg,3105000014636,0.0039315556316943815,0.132,No significativo,
AGEB,log_dens_neg,3105000014852,0.5663974758408038,0.074,No significativo,
AGEB,log_dens_neg,3105000012945,0.30225586702841717,0.018,HH,
AGEB,log_dens_neg,310500001605A,0.0405347572443374,0.438,No significativo,
AGEB,log_dens_neg,310500001473A,0.014451073588395721,0.361,No significativo,
AGEB,log_dens_neg,3105000015511,0.35773866769729223,0.095,No significativo,
AGEB,log_dens_neg,3105000013040,0.08947623862220537,0.333,No significativo,
AGEB,log_dens_neg,3105000012822,-0.026677187598231754,0.326,No significativo,
AGEB,log_dens_neg,3105000016473,-0.004328511537478936,0.41,No significativo,
AGEB,log_dens_neg,3105000014725,0.04080428873300809,0.336,No significativo,
AGEB,log_dens_neg,3105000013657,-0.12347607913118687,0.034,HL,
AGEB,log_dens_neg,3105000014994,0.2664035965935248,0.109,No significativo,
AGEB,log_dens_neg,3105000012413,0.0992396986385675,0.289,No significativo,
AGEB,log_dens_neg,3105000013799,0.5056179747167984,0.073,No significativo,
AGEB,log_dens_neg,3105000011557,0.2872414244854168,0.251,No significativo,
AGEB,log_dens_neg,3105000013093,0.33483608376071383,0.092,No significativo,
AGEB,log_dens_neg,3105000014848,0.7813242087410514,0.008,HH,
AGEB,log_dens_neg,3105000012343,0.25305473449747823,0.347,No significativo,
AGEB,log_dens_neg,3105000015422,0.11015917235913471,0.245,No significativo,
AGEB,log_dens_neg,3105000012733,0.3361333237135658,0.003,HH,
AGEB,log_dens_neg,3105000010224,0.49380421144362285,0.005,HH,
AGEB,log_dens_neg,3105000013286,-0.05038240530659229,0.218,No significativo,
AGEB,log_dens_neg,3105000010262,0.16891005956124341,0.039,HH,
AGEB,log_dens_neg,3105000015174,0.3010310819614759,0.104,No significativo,
AGEB,log_dens_neg,3105000010332,0.21478967517290926,0.003,HH,
AGEB,log_dens_neg,3105000013341,0.2616693431821531,0.12,No significativo,
AGEB,log_dens_neg,3105000013017,0.028716435216146738,0.294,No significativo,
AGEB,log_dens_neg,3105000012362,1.0001250253952285,0.004,HH,
AGEB,log_dens_neg,3105000014250,-0.03194503262755265,0.223,No significativo,
AGEB,log_dens_neg,3105000015297,0.2144370667121054,0.052,No significativo,
AGEB,log_dens_neg,3105000012288,0.2925926222226357,0.123,No significativo,
AGEB,log_dens_neg,3105000012377,0.7074199678191743,0.016,HH,
AGEB,log_dens_neg,3105000012254,0.11047621236875088,0.33,No significativo,
AGEB,log_dens_neg,3105000014212,0.41189980428234557,0.051,No significativo,
AGEB,log_dens_neg,3105000010328,0.7347349471615379,0.002,HH,
AGEB,log_dens_neg,3105000011576,-0.10799672923636508,0.206,No significativo,
AGEB,log_dens_neg,3105000012625,-0.1501551518731439,0.094,No significativo,
AGEB,log_dens_neg,3105000016384,0.5127414112521953,0.011,HH,
AGEB,log_dens_neg,3105000012485,0.3466493372852487,0.02,HH,
AGEB,log_dens_neg,3105000012080,0.3091516592212433,0.132,No significativo,
AGEB,log_dens_neg,3105000015009,0.13915911865383956,0.186,No significativo,
AGEB,log_dens_neg,3105000015348,0.035222353823342566,0.492,No significativo,
AGEB,log_dens_neg,3105000012339,0.5651630677966545,0.096,No significativo,
AGEB,log_dens_neg,310500001338A,-0.02841505585134828,0.396,No significativo,
AGEB,log_dens_neg,310500001402A,-0.010113290120823503,0.301,No significativo,
AGEB,log_dens_neg,3105000010313,0.4127057038379812,0.015,HH,
AGEB,log_dens_neg,3105000013712,0.4193883114620111,0.228,No significativo,
AGEB,log_dens_neg,3105000015704,0.04968097323297392,0.39,No significativo,
AGEB,log_dens_neg,310500001377A,0.08629606034945322,0.046,HH,
AGEB,log_dens_neg,3105000010737,0.4137047791203217,0.075,No significativo,
AGEB,log_dens_neg,3105000012235,0.6177173238814435,0.035,HH,
AGEB,log_dens_neg,3105000014265,0.019767684561049156,0.097,No significativo,
AGEB,log_dens_neg,3105000013356,0.0173149915553212,0.316,No significativo,
AGEB,log_dens_neg,3105000012930,0.3795601246429084,0.16,No significativo,
AGEB,log_dens_neg,3105000015066,-0.027659313130755845,0.484,No significativo,
AGEB,log_dens_neg,3105000011650,0.02590694543826345,0.305,No significativo,
AGEB,log_dens_neg,310500001391A,0.2076465003396887,0.068,No significativo,
AGEB,log_dens_neg,3105000010417,0.1181410268176095,0.292,No significativo,
AGEB,log_dens_neg,3105000013943,0.004744395912742499,0.42,No significativo,
AGEB,log_dens_neg,3105000010648,0.3010854274306466,0.019,HH,
AGEB,log_dens_neg,3105000014335,-0.5259607903799101,0.138,No significativo,
AGEB,log_dens_neg,3105000012837,0.27727763467254524,0.093,No significativo,
AGEB,log_dens_neg,3105000012697,0.007683207958152925,0.428,No significativo,
AGEB,log_dens_neg,3105000013021,0.0019148976081178521,0.191,No significativo,
AGEB,log_dens_neg,3105000014833,0.5773692523927157,0.067,No significativo,
AGEB,log_dens_neg,3105000015600,-0.193965723238267,0.39,No significativo,
AGEB,log_dens_neg,3105000015920,7.900798774830511,0.03,LL,
AGEB,log_dens_neg,310500001295A,0.2604057813887531,0.003,HH,
AGEB,log_dens_neg,3105000014602,0.0582747128081438,0.323,No significativo,
AGEB,log_dens_neg,3105000012273,0.2145255513979795,0.182,No significativo,
AGEB,log_dens_neg,310500001270A,-0.07285702914947417,0.335,No significativo,
AGEB,log_dens_neg,3105000012220,-0.040782269536476845,0.066,No significativo,
AGEB,log_dens_neg,3105000012324,0.18953187802506333,0.416,No significativo,
AGEB,log_dens_neg,3105000016149,0.003924274345040311,0.321,No significativo,
AGEB,log_dens_neg,3105000010188,0.3002595398648028,0.02,HH,
AGEB,log_dens_neg,3105000010120,0.7615965990959561,0.009,HH,
AGEB,log_dens_neg,3105000014496,0.2814309232123306,0.13,No significativo,
AGEB,log_dens_neg,3105000015085,0.3233460226787416,0.048,HH,
AGEB,log_dens_neg,3105000013360,0.3308127876678224,0.054,No significativo,
AGEB,log_dens_neg,3105000011345,-0.03881040345798552,0.406,No significativo,
AGEB,log_dens_neg,310500001181A,0.055945582187250355,0.487,No significativo,
AGEB,log_dens_neg,3105000013002,-0.11017031547606758,0.183,No significativo,
AGEB,log_dens_neg,3105000013089,0.10692294178791696,0.004,LL,
AGEB,log_dens_neg,3105000013110,-0.113832830118782,0.174,No significativo,
AGEB,log_dens_neg,3105000013619,-0.017288533314986938,0.363,No significativo,
AGEB,log_dens_neg,3105000014015,0.3321669703372286,0.125,No significativo,
AGEB,log_dens_neg,3105000014763,0.16564639568726994,0.117,No significativo,
AGEB,log_dens_neg,3105000014960,2.174039486804638,0.001,LL,
AGEB,log_dens_neg,3105000015333,-0.02142689699907462,0.37,No significativo,
AGEB,log_dens_neg,3105000015456,0.14810027962832234,0.162,No significativo,
AGEB,log_dens_neg,3105000015808,0.043909198693356744,0.478,No significativo,
AGEB,log_dens_neg,3105000016030,-0.08294535129205366,0.199,No significativo,
AGEB,log_dens_neg,3105000016045,-0.1324503876264392,0.13,No significativo,
AGEB,log_dens_neg,3105000016219,0.16283897914322554,0.371,No significativo,
AGEB,log_dens_neg,310500001644A,2.586739559430366,0.021,LL,
AGEB,log_dens_neg,3105000016469,0.04846210793385534,0.06,No significativo,
AGEB,log_dens_neg,3105000016632,0.04278415719743776,0.246,No significativo,
AGEB,log_dens_neg,3105000016721,-0.15601910779411055,0.126,No significativo,
AGEB,log_dens_neg,3105000013411,-0.13908205406950722,0.056,No significativo,
AGEB,log_dens_neg,3105000014231,0.20882414591157564,0.2,No significativo,
AGEB,log_dens_neg,3105000012593,0.03272140388810391,0.033,HH,
AGEB,log_dens_neg,3105000016647,0.13663527719602225,0.142,No significativo,
AGEB,log_dens_neg,3105000016967,3.380610481266207,0.093,No significativo,
AGEB,log_dens_neg,3105000015579,0.038744482014670976,0.269,No significativo,
AGEB,log_dens_neg,3105000016191,0.059903682809935285,0.105,No significativo,
AGEB,log_dens_neg,3105000015691,0.1521972758194187,0.101,No significativo,
AGEB,log_dens_neg,3105000016558,0.18396521033865607,0.339,No significativo,
AGEB,log_dens_neg,310500001078A,-0.3048222855384081,0.262,No significativo,
AGEB,log_dens_neg,3105000016365,0.19319572009787264,0.054,No significativo,
AGEB,log_dens_neg,3105000016670,0.03273162195953445,0.274,No significativo,
AGEB,log_dens_neg,3105000016454,1.0480734034938433,0.003,LL,
AGEB,log_dens_neg,3105000016878,-0.020385687997728115,0.463,No significativo,
AGEB,log_dens_neg,3105000015475,-0.4585558814352757,0.1,No significativo,
AGEB,log_dens_neg,3105000014903,-0.46121885599972945,0.07,No significativo,
AGEB,log_dens_neg,3105000016789,3.1465082034209004,0.012,LL,
AGEB,log_dens_neg,3105000016810,0.20820206576113817,0.145,No significativo,
AGEB,log_dens_neg,3105000016882,0.6616293075675851,0.126,No significativo,
AGEB,log_dens_neg,3105000013977,-0.0010308910805572706,0.314,No significativo,
AGEB,log_dens_neg,3105000014640,0.16694109289601727,0.305,No significativo,
AGEB,log_dens_neg,3105000013303,0.15608504505371976,0.342,No significativo,
AGEB,log_dens_neg,3105000014180,0.03958680356268174,0.448,No significativo,
AGEB,log_dens_neg,3105000015028,0.11582121874105931,0.08,No significativo,
AGEB,log_dens_neg,3105000011608,0.3002328033487814,0.017,HH,
AGEB,log_dens_neg,3105000015460,-0.2161950635207245,0.026,HL,
AGEB,log_dens_neg,310500001594A,-0.050328269006703445,0.48,No significativo,
AGEB,log_dens_neg,3105000016717,0.07583175911338755,0.105,No significativo,
AGEB,log_dens_neg,3105000014320,-0.11332054956104784,0.305,No significativo,
AGEB,log_dens_neg,3105000015865,0.14037214928937347,0.15,No significativo,
AGEB,log_dens_neg,3105000015494,0.5286825305533506,0.054,No significativo,
AGEB,log_dens_neg,3105000016793,9.839207971975693,0.001,LL,
AGEB,log_dens_neg,3105000012983,0.20436220901633237,0.104,No significativo,
AGEB,log_dens_neg,3105000014049,0.03067424499805209,0.249,No significativo,
AGEB,log_dens_neg,310500001683A,0.2704567440963991,0.1,No significativo,
AGEB,log_dens_neg,3105000013873,0.22485220473029463,0.151,No significativo,
AGEB,log_dens_neg,3105000016863,-0.03589290672930455,0.299,No significativo,
AGEB,log_dens_neg,3105000010277,0.21626877561180355,0.211,No significativo,
AGEB,log_dens_neg,3105000016929,7.9053064595307925,0.003,LL,
AGEB,log_dens_neg,3105000015884,0.33507948913576685,0.043,LL,
AGEB,log_dens_neg,3105000010031,0.10381087080836165,0.248,No significativo,
AGEB,log_dens_neg,3105000016774,0.11144616006455042,0.251,No significativo,
AGEB,log_dens_neg,3105000016952,-0.005159637291688525,0.422,No significativo,
AGEB,log_dens_neg,3105000016083,3.002043227453914,0.004,LL,
AGEB,log_dens_neg,3105000010845,0.46602980788014126,0.089,No significativo,
AGEB,log_dens_neg,310500001651A,0.2006395021290725,0.033,LL,
AGEB,log_dens_neg,3105000016524,-0.02559700410715003,0.354,No significativo,
AGEB,log_dens_neg,3105000016651,0.11746938275739455,0.204,No significativo,
AGEB,log_dens_neg,3105000013074,-0.017356877289969957,0.03,HL,
AGEB,log_dens_neg,3105000015441,1.0157960420906302,0.076,No significativo,
AGEB,log_dens_neg,3105000016187,0.0003992542663414394,0.391,No significativo,
AGEB,log_dens_neg,3105000016859,-0.10733746164288312,0.21,No significativo,
AGEB,log_dens_neg,3105000013604,0.08133030610232797,0.171,No significativo,
AGEB,log_dens_neg,3105000010559,0.5418115228041634,0.176,No significativo,
AGEB,log_dens_neg,310500001516A,0.056570945509407604,0.306,No significativo,
AGEB,log_dens_neg,3105000016064,0.04400387657791862,0.336,No significativo,
AGEB,log_dens_neg,3105000015812,-0.0009429550068128913,0.443,No significativo,
AGEB,log_dens_neg,3105000014299,3.7942343998751187,0.039,LL,
AGEB,log_dens_neg,3105000014674,2.5434165194884764,0.005,LL,
AGEB,log_dens_neg,3105000013500,0.268807213022427,0.119,No significativo,
AGEB,log_dens_neg,3105000016948,0.2932396103023611,0.048,LL,
AGEB,log_dens_neg,3105000011684,-1.28717319189331,0.124,No significativo,
AGEB,log_dens_neg,3105000016897,0.2974295492046279,0.16,No significativo,
AGEB,log_dens_neg,3105000013591,0.7334167991310274,0.074,No significativo,
AGEB,log_dens_neg,3105000014284,1.0714501056045707,0.054,No significativo,
AGEB,log_dens_neg,3105000016844,1.7056186090021168,0.074,No significativo,
AGEB,log_dens_neg,310500001562A,0.8964560206339502,0.047,LL,
AGEB,log_dens_neg,310500001587A,0.12990671209715451,0.261,No significativo,
AGEB,log_dens_neg,3105000016420,0.7490473749566164,0.091,No significativo,
AGEB,log_dens_neg,3105000016134,0.16624991017728347,0.12,No significativo,
AGEB,log_dens_neg,3105000014693,0.08598228181405639,0.332,No significativo,
AGEB,log_dens_neg,3105000014689,0.010388603687090407,0.393,No significativo,
AGEB,log_dens_neg,3105000015988,0.5089922500901596,0.127,No significativo,
AGEB,log_dens_neg,3105000016740,0.8574576183086541,0.059,No significativo,
AGEB,log_dens_neg,310500001548A,0.3885428444139184,0.141,No significativo,
AGEB,log_dens_neg,3105000017024,3.562501833378676,0.004,LL,
AGEB,log_dens_neg,310500001669A,3.024999862679005,0.004,LL,
AGEB,log_dens_neg,3105000016435,1.3127004641231468,0.006,LL,
AGEB,log_dens_neg,310500001498A,1.8329420328035975,0.03,LL,
AGEB,log_dens_neg,3105000010614,0.5961589377473788,0.002,HH,
AGEB,log_dens_neg,3105000016666,-0.03266868250785316,0.482,No significativo,
AGEB,log_dens_neg,310500001676A,4.484326909116026,0.075,No significativo,
AGEB,log_dens_neg,3105000016914,3.4224582068935523,0.019,LL,
AGEB,log_dens_neg,3105000014744,0.18726791966264686,0.241,No significativo,
AGEB,log_dens_neg,3105000015526,1.0413604953271487,0.026,LL,
AGEB,log_dens_neg,3105000015969,0.13514579905426954,0.312,No significativo,
AGEB,log_dens_neg,3105000017005,0.1380885689781395,0.195,No significativo,
AGEB,log_dens_neg,3105000014871,0.6863684770909299,0.12,No significativo,
AGEB,log_dens_neg,3105000016702,0.3765501710084272,0.071,No significativo,
AGEB,log_dens_neg,3105000016806,1.2429870344822112,0.104,No significativo,
AGEB,log_dens_neg,3105000015899,1.8233722808656208,0.034,LL,
AGEB,log_dens_neg,3105000015437,0.0573201232751935,0.258,No significativo,
AGEB,log_dens_neg,3105000013233,0.13133169727798197,0.178,No significativo,
AGEB,log_dens_neg,3105000013248,-0.08223546944646963,0.315,No significativo,
AGEB,log_dens_neg,3105000011843,0.00602932206535844,0.328,No significativo,
AGEB,log_dens_neg,3105000015155,-0.02190737433212527,0.343,No significativo,
AGEB,log_dens_neg,3105000013483,0.04751789627707662,0.228,No significativo,
AGEB,log_dens_neg,3105000015121,0.05245067102876306,0.496,No significativo,
AGEB,log_dens_neg,3105000010474,0.6088454557738355,0.143,No significativo,
AGEB,log_dens_neg,3105000014477,0.8418526554547627,0.019,LL,
AGEB,log_dens_neg,3105000016100,2.6445973864160397,0.006,LL,
AGEB,log_dens_neg,3105000013445,-0.37619992500199284,0.001,HL,
AGEB,log_dens_neg,3105000015916,2.6054615288003267,0.02,LL,
AGEB,log_dens_neg,3105000014759,0.03673566935783982,0.15,No significativo,
AGEB,log_dens_neg,3105000016007,1.698242497975224,0.068,No significativo,
AGEB,log_dens_neg,310500001427A,2.42961090965748,0.003,LL,
AGEB,log_dens_neg,3105000016257,5.658140437196887,0.056,No significativo,
AGEB,log_dens_neg,3105000016416,0.42485751629388174,0.105,No significativo,
AGEB,log_dens_neg,3105000016613,0.9768343418110224,0.096,No significativo,
AGEB,log_dens_neg,3105000010154,1.1000267193193287,0.11,No significativo,
AGEB,log_dens_neg,310500001690A,0.27479816479177804,0.156,No significativo,
AGEB,log_dens_neg,3105000016971,4.471093016808156,0.072,No significativo,
AGEB,log_dens_neg,3105000016825,0.31787442080609146,0.1,No significativo,
AGEB,log_dens_neg,3105000014462,1.396324852060708,0.055,No significativo,
AGEB,log_dens_neg,3105000014975,1.0483131257358265,0.026,LL,
AGEB,log_dens_neg,3105000016261,3.170470763752983,0.006,LL,
AGEB,log_dens_neg,3105000015973,0.3092180518715671,0.151,No significativo,
AGEB,log_dens_neg,3105000016990,0.06611555561607486,0.34,No significativo,
AGEB,log_dens_neg,3105000016098,2.2871963960210975,0.009,LL,
AGEB,log_dens_neg,3105000016986,0.34805456191204087,0.11,No significativo,
AGEB,log_dens_neg,3105000014778,14.917449156159718,0.002,LL,
AGEB,log_dens_neg,310500001345A,1.0863565000516942,0.014,LL,
AGEB,log_dens_neg,3105000014585,4.170318310143009,0.112,No significativo,
AGEB,log_dens_neg,3105000016628,7.860600348819699,0.001,LL,
AGEB,log_dens_neg,3105000015776,1.4089630658325145,0.042,LL,
AGEB,log_dens_neg,3105000013515,-0.07414720643582709,0.079,No significativo,
AGEB,log_dens_neg,3105000015136,0.0248920511118406,0.171,No significativo,
AGEB,log_dens_neg,3105000016079,0.10453302518159995,0.113,No significativo,
AGEB,log_dens_neg,310500001701A,0.09534608621036963,0.469,No significativo,
AGEB,log_dens_neg,3105000017043,13.450856344407894,0.001,LL,
AGEB,log_dens_pob,3105000015329,0.35600714293657654,0.038,HH,
AGEB,log_dens_pob,3105000012466,0.1298813028625117,0.342,No significativo,
AGEB,log_dens_pob,310500001249A,0.07160230157260124,0.24,No significativo,
AGEB,log_dens_pob,3105000015827,0.2659337201430001,0.212,No significativo,
AGEB,log_dens_pob,3105000014706,0.7364222856694073,0.095,No significativo,
AGEB,log_dens_pob,3105000013784,0.8883646402027076,0.032,HH,
AGEB,log_dens_pob,3105000013695,0.06974945225701236,0.127,No significativo,
AGEB,log_dens_pob,3105000010760,0.5714036681509047,0.032,HH,
AGEB,log_dens_pob,3105000015259,-0.011680265644954045,0.472,No significativo,
AGEB,log_dens_pob,3105000011858,-0.054444313706283616,0.36,No significativo,
AGEB,log_dens_pob,3105000014814,0.39594677906336073,0.018,HH,
AGEB,log_dens_pob,3105000016736,-2.0840270880866023,0.28,No significativo,
AGEB,log_dens_pob,310500001021A,0.18921609131841935,0.059,No significativo,
AGEB,log_dens_pob,3105000013958,1.0488710790879678,0.044,HH,
AGEB,log_dens_pob,3105000011542,0.14322700836547975,0.094,No significativo,
AGEB,log_dens_pob,3105000012589,0.17284478500539785,0.183,No significativo,
AGEB,log_dens_pob,3105000010629,0.012533717708941175,0.064,No significativo,
AGEB,log_dens_pob,3105000010493,0.04083400866770708,0.098,No significativo,
AGEB,log_dens_pob,3105000015742,0.05297362051289763,0.305,No significativo,
AGEB,log_dens_pob,3105000011468,0.11280620671909984,0.21,No significativo,
AGEB,log_dens_pob,3105000014513,0.3758113698340834,0.214,No significativo,
AGEB,log_dens_pob,3105000012856,0.20112902190682858,0.007,HH,
AGEB,log_dens_pob,3105000011523,0.016797829895229342,0.209,No significativo,
AGEB,log_dens_pob,3105000014301,0.5286791114282289,0.263,No significativo,
AGEB,log_dens_pob,3105000010718,0.4229178012572571,0.004,HH,
AGEB,log_dens_pob,3105000012678,0.45799611280081626,0.054,No significativo,
AGEB,log_dens_pob,3105000016399,0.11352860891594198,0.005,HH,
AGEB,log_dens_pob,3105000013407,0.03128337393255653,0.336,No significativo,
AGEB,log_dens_pob,3105000014547,0.37757280610130356,0.343,No significativo,
AGEB,log_dens_pob,3105000012682,0.5449196582459092,0.044,HH,
AGEB,log_dens_pob,3105000013125,-0.09469828959330327,0.267,No significativo,
AGEB,log_dens_pob,3105000012269,0.4523260150555495,0.199,No significativo,
AGEB,log_dens_pob,3105000010597,0.06044998542254149,0.183,No significativo,
AGEB,log_dens_pob,3105000014034,0.665636302777132,0.061,No significativo,
AGEB,log_dens_pob,3105000013163,0.41820851984696233,0.156,No significativo,
AGEB,log_dens_pob,3105000015314,0.3576642100665797,0.042,HH,
AGEB,log_dens_pob,3105000010652,0.4198581248090612,0.036,HH,
AGEB,log_dens_pob,3105000014000,0.05308764252823528,0.031,LL,
AGEB,log_dens_pob,3105000012663,0.25343563041525774,0.125,No significativo,
AGEB,log_dens_pob,3105000010309,-0.08325809374693464,0.167,No significativo,
AGEB,log_dens_pob,310500001053A,0.07635683905713747,0.219,No significativo,
AGEB,log_dens_pob,3105000014316,0.4437622132329445,0.216,No significativo,
AGEB,log_dens_pob,3105000012803,1.1138368878726634,0.003,HH,
AGEB,log_dens_pob,3105000010489,-0.03745054398630883,0.279,No significativo,
AGEB,log_dens_pob,3105000012216,0.09570868991153121,0.237,No significativo,
AGEB,log_dens_pob,3105000014886,0.6372540408523805,0.07,No significativo,
AGEB,log_dens_pob,3105000015102,-0.003475409464823682,0.457,No significativo,
AGEB,log_dens_pob,3105000015070,0.3815403125436847,0.015,HH,
AGEB,log_dens_pob,3105000013962,0.07995233025913293,0.249,No significativo,
AGEB,log_dens_pob,3105000015047,-0.23236307346583923,0.207,No significativo,
AGEB,log_dens_pob,3105000016238,0.4011824329307818,0.139,No significativo,
AGEB,log_dens_pob,310500001224A,-0.01012936508819967,0.135,No significativo,
AGEB,log_dens_pob,3105000010563,0.19528113229316862,0.092,No significativo,
AGEB,log_dens_pob,3105000012396,0.37286272429254635,0.047,LL,
AGEB,log_dens_pob,3105000013394,0.17295801148485804,0.297,No significativo,
AGEB,log_dens_pob,3105000014566,0.14410298371832014,0.145,No significativo,
AGEB,log_dens_pob,3105000014890,0.3354676831517172,0.08,No significativo,
AGEB,log_dens_pob,3105000013727,0.6833303159031757,0.063,No significativo,
AGEB,log_dens_pob,3105000015282,0.15500781852288467,0.309,No significativo,
AGEB,log_dens_pob,3105000012979,0.6713074392356838,0.001,HH,
AGEB,log_dens_pob,3105000012555,-0.03623348262445519,0.362,No significativo,
AGEB,log_dens_pob,3105000014867,0.0029109539479105968,0.487,No significativo,
AGEB,log_dens_pob,310500001263A,0.29480332050243363,0.013,HH,
AGEB,log_dens_pob,3105000015263,-0.015511927847880217,0.224,No significativo,
AGEB,log_dens_pob,3105000013267,0.21175631120477206,0.065,No significativo,
AGEB,log_dens_pob,3105000014087,0.040204098588112844,0.297,No significativo,
AGEB,log_dens_pob,310500001612A,0.05946595995927907,0.462,No significativo,
AGEB,log_dens_pob,3105000010169,0.8128375660834283,0.016,LL,
AGEB,log_dens_pob,3105000010633,-0.009084505930623992,0.445,No significativo,
AGEB,log_dens_pob,3105000015278,0.08369640025130508,0.371,No significativo,
AGEB,log_dens_pob,3105000011913,0.10190747224331839,0.055,No significativo,
AGEB,log_dens_pob,3105000016115,-0.13046499147781687,0.271,No significativo,
AGEB,log_dens_pob,3105000014119,-0.003205155827946288,0.453,No significativo,
AGEB,log_dens_pob,3105000015140,0.23618472246671227,0.316,No significativo,
AGEB,log_dens_pob,3105000011631,0.6890109384775907,0.002,HH,
AGEB,log_dens_pob,3105000010756,0.12044507356508702,0.008,HH,
AGEB,log_dens_pob,3105000015244,0.02363187349112196,0.13,No significativo,
AGEB,log_dens_pob,3105000012470,0.013356193010181636,0.406,No significativo,
AGEB,log_dens_pob,3105000012818,0.20056418690233915,0.236,No significativo,
AGEB,log_dens_pob,3105000015418,-0.54409174616344,0.026,HL,
AGEB,log_dens_pob,3105000013981,0.03799219509529637,0.327,No significativo,
AGEB,log_dens_pob,310500001637A,1.0251203210595905,0.006,HH,
AGEB,log_dens_pob,3105000015583,-0.018776657885303534,0.416,No significativo,
AGEB,log_dens_pob,3105000013214,-0.007063144100255498,0.444,No significativo,
AGEB,log_dens_pob,3105000012998,0.22113389534842237,0.184,No significativo,
AGEB,log_dens_pob,3105000014227,0.6921102791369983,0.002,HH,
AGEB,log_dens_pob,3105000015051,0.011505599736219837,0.439,No significativo,
AGEB,log_dens_pob,3105000013939,0.1384216990371788,0.059,No significativo,
AGEB,log_dens_pob,3105000014208,0.5077384547964325,0.01,HH,
AGEB,log_dens_pob,310500001320A,0.16328246350989142,0.383,No significativo,
AGEB,log_dens_pob,3105000012432,0.12284039570874213,0.143,No significativo,
AGEB,log_dens_pob,3105000013144,0.6944717148296682,0.002,HH,
AGEB,log_dens_pob,3105000016492,0.17333857140433878,0.001,LL,
AGEB,log_dens_pob,3105000016539,0.33723714418938544,0.201,No significativo,
AGEB,log_dens_pob,3105000011665,0.16750617827752742,0.124,No significativo,
AGEB,log_dens_pob,3105000010544,0.11849850327914603,0.182,No significativo,
AGEB,log_dens_pob,3105000014570,0.05487589883847021,0.436,No significativo,
AGEB,log_dens_pob,310500001523A,-0.0413525431359704,0.228,No significativo,
AGEB,log_dens_pob,3105000012860,0.1610598141400903,0.116,No significativo,
AGEB,log_dens_pob,3105000012521,-0.29238513250597403,0.172,No significativo,
AGEB,log_dens_pob,3105000014176,0.5253054754098557,0.04,HH,
AGEB,log_dens_pob,3105000016755,0.8275545273294882,0.047,LL,
AGEB,log_dens_pob,3105000015723,0.3363732166516085,0.065,No significativo,
AGEB,log_dens_pob,3105000012729,-0.012038156556323424,0.425,No significativo,
AGEB,log_dens_pob,3105000010826,0.39180879596903107,0.031,HH,
AGEB,log_dens_pob,3105000013159,0.5658397574848553,0.005,HH,
AGEB,log_dens_pob,3105000014072,-0.004131433392985225,0.455,No significativo,
AGEB,log_dens_pob,3105000014138,0.5361552672875376,0.039,HH,
AGEB,log_dens_pob,3105000011773,0.14770237121355184,0.078,No significativo,
AGEB,log_dens_pob,3105000013708,-0.026821283959909112,0.351,No significativo,
AGEB,log_dens_pob,3105000011716,-0.010698121892508405,0.238,No significativo,
AGEB,log_dens_pob,310500001509A,-0.08975844583117304,0.309,No significativo,
AGEB,log_dens_pob,3105000015672,0.5999097831362827,0.029,HH,
AGEB,log_dens_pob,3105000011241,1.4813466892735823,0.001,HH,
AGEB,log_dens_pob,3105000015598,0.261598872819311,0.121,No significativo,
AGEB,log_dens_pob,3105000014481,0.3535619595928873,0.073,No significativo,
AGEB,log_dens_pob,3105000015831,0.030694998802048703,0.495,No significativo,
AGEB,log_dens_pob,3105000015719,0.29393415307348747,0.194,No significativo,
AGEB,log_dens_pob,3105000012517,0.009356144748870393,0.211,No significativo,
AGEB,log_dens_pob,3105000013290,0.1687568071268915,0.17,No significativo,
AGEB,log_dens_pob,3105000014195,0.015739442429372166,0.381,No significativo,
AGEB,log_dens_pob,3105000013430,0.7404363964475805,0.019,HH,
AGEB,log_dens_pob,3105000012540,0.0010141802307202994,0.346,No significativo,
AGEB,log_dens_pob,3105000013765,-0.05797252169747585,0.409,No significativo,
AGEB,log_dens_pob,3105000014829,0.6218152532135209,0.104,No significativo,
AGEB,log_dens_pob,3105000012907,1.1613351012287303,0.035,HH,
AGEB,log_dens_pob,3105000012574,0.46111657173732595,0.167,No significativo,
AGEB,log_dens_pob,3105000014161,0.2912006463858677,0.022,HH,
AGEB,log_dens_pob,3105000013055,0.09852985079532464,0.107,No significativo,
AGEB,log_dens_pob,3105000014104,-0.017700882813387133,0.136,No significativo,
AGEB,log_dens_pob,3105000015780,0.3105517329028928,0.019,HH,
AGEB,log_dens_pob,3105000013854,0.7108293816043658,0.001,HH,
AGEB,log_dens_pob,3105000015935,0.2377125789677903,0.167,No significativo,
AGEB,log_dens_pob,310500001313A,-0.33166232668126605,0.228,No significativo,
AGEB,log_dens_pob,310500001060A,-0.03422296241916214,0.334,No significativo,
AGEB,log_dens_pob,3105000010686,0.6446711111910352,0.003,HH,
AGEB,log_dens_pob,3105000013996,0.07222942970847449,0.223,No significativo,
AGEB,log_dens_pob,3105000015687,0.6628768231135398,0.007,HH,
AGEB,log_dens_pob,3105000014354,-0.24699827857562054,0.16,No significativo,
AGEB,log_dens_pob,3105000012771,1.0640127642356325,0.001,HH,
AGEB,log_dens_pob,3105000015738,0.25835066880301233,0.122,No significativo,
AGEB,log_dens_pob,3105000016153,0.8550323257354926,0.02,HH,
AGEB,log_dens_pob,3105000012964,0.2724109218555247,0.033,HH,
AGEB,log_dens_pob,3105000011824,0.08372555835633366,0.351,No significativo,
AGEB,log_dens_pob,3105000014142,1.931479920747122,0.001,HH,
AGEB,log_dens_pob,3105000012292,-0.09945025849855962,0.031,LH,
AGEB,log_dens_pob,3105000012358,1.5454700944601913,0.026,LL,
AGEB,log_dens_pob,3105000010440,1.6175611852197254,0.004,LL,
AGEB,log_dens_pob,3105000013036,-0.0010215354490532426,0.476,No significativo,
AGEB,log_dens_pob,3105000010506,1.5544423415571704,0.023,LL,
AGEB,log_dens_pob,3105000012841,0.3645838770812516,0.119,No significativo,
AGEB,log_dens_pob,310500001199A,1.216825124634443,0.04,LL,
AGEB,log_dens_pob,3105000013905,-0.06419253470564679,0.289,No significativo,
AGEB,log_dens_pob,3105000010455,2.682799760658307,0.003,LL,
AGEB,log_dens_pob,3105000013106,0.45959542114657764,0.083,No significativo,
AGEB,log_dens_pob,3105000012428,-6.748178264600282e-05,0.445,No significativo,
AGEB,log_dens_pob,3105000013572,0.06437557426846197,0.065,No significativo,
AGEB,log_dens_pob,3105000012894,0.7298101488320659,0.007,HH,
AGEB,log_dens_pob,3105000011472,0.13532471872207177,0.193,No significativo,
AGEB,log_dens_pob,3105000010807,0.11237295821024587,0.386,No significativo,
AGEB,log_dens_pob,3105000014509,0.16517401392957387,0.18,No significativo,
AGEB,log_dens_pob,3105000015649,0.2651033689085803,0.313,No significativo,
AGEB,log_dens_pob,3105000014123,0.48002641336982027,0.084,No significativo,
AGEB,log_dens_pob,3105000015117,0.0047161716469450495,0.467,No significativo,
AGEB,log_dens_pob,3105000012786,0.8601222182026995,0.044,HH,
AGEB,log_dens_pob,3105000010436,0.058376894740878385,0.125,No significativo,
AGEB,log_dens_pob,3105000015013,0.019720219190559017,0.414,No significativo,
AGEB,log_dens_pob,3105000014091,0.24159971714230627,0.249,No significativo,
AGEB,log_dens_pob,3105000013178,0.8111008620886663,0.004,HH,
AGEB,log_dens_pob,3105000016401,0.4472890172564974,0.01,HH,
AGEB,log_dens_pob,3105000011504,0.20875440429602474,0.078,No significativo,
AGEB,log_dens_pob,3105000010510,2.1142210605231604,0.032,LL,
AGEB,log_dens_pob,3105000010281,0.17664682741919896,0.244,No significativo,
AGEB,log_dens_pob,310500001231A,0.6157070207897513,0.008,HH,
AGEB,log_dens_pob,3105000012381,0.23271006904030012,0.045,LL,
AGEB,log_dens_pob,3105000011699,0.2603207771268202,0.106,No significativo,
AGEB,log_dens_pob,3105000013426,0.38578907848043015,0.041,HH,
AGEB,log_dens_pob,310500001530A,0.11872578411982021,0.311,No significativo,
AGEB,log_dens_pob,3105000015795,0.16627166234116325,0.03,HH,
AGEB,log_dens_pob,310500001306A,-0.052595051275960494,0.359,No significativo,
AGEB,log_dens_pob,3105000012409,0.8485058604938911,0.023,LL,
AGEB,log_dens_pob,310500001466A,-0.25294322709634576,0.074,No significativo,
AGEB,log_dens_pob,3105000012201,0.04158567561903344,0.254,No significativo,
AGEB,log_dens_pob,3105000014532,0.2642484753556959,0.261,No significativo,
AGEB,log_dens_pob,310500001384A,0.30643241619388256,0.03,HH,
AGEB,log_dens_pob,3105000010741,0.45424945025496527,0.025,HH,
AGEB,log_dens_pob,3105000014710,-0.25832592781090885,0.198,No significativo,
AGEB,log_dens_pob,3105000011218,0.3120817929198412,0.06,No significativo,
AGEB,log_dens_pob,3105000015634,0.10188592931585175,0.344,No significativo,
AGEB,log_dens_pob,3105000010421,-0.044736829904460665,0.413,No significativo,
AGEB,log_dens_pob,3105000010296,0.43746295795451406,0.054,No significativo,
AGEB,log_dens_pob,3105000015225,0.7705482221105925,0.007,LL,
AGEB,log_dens_pob,3105000012644,0.19145683614948225,0.132,No significativo,
AGEB,log_dens_pob,3105000016505,1.0078724119515723,0.016,LL,
AGEB,log_dens_pob,3105000013197,0.43720853392043696,0.073,No significativo,
AGEB,log_dens_pob,3105000012451,0.10855618219197376,0.323,No significativo,
AGEB,log_dens_pob,3105000010525,0.28441485841785735,0.09,No significativo,
AGEB,log_dens_pob,3105000015850,-0.13699591117667528,0.143,No significativo,
AGEB,log_dens_pob,3105000013271,-0.04645385122359821,0.379,No significativo,
AGEB,log_dens_pob,3105000014068,-0.021731328727667903,0.462,No significativo,
AGEB,log_dens_pob,3105000011487,0.014456273562129642,0.485,No significativo,
AGEB,log_dens_pob,3105000010667,0.2690165547515317,0.076,No significativo,
AGEB,log_dens_pob,3105000012502,0.2443916071234499,0.237,No significativo,
AGEB,log_dens_pob,3105000010671,0.22008386102624042,0.16,No significativo,
AGEB,log_dens_pob,3105000011561,0.18164653953772847,0.047,LL,
AGEB,log_dens_pob,3105000013869,0.28913048346849307,0.04,HH,
AGEB,log_dens_pob,3105000015189,-0.06887429833883227,0.198,No significativo,
AGEB,log_dens_pob,3105000012610,-0.4778641686960354,0.216,No significativo,
AGEB,log_dens_pob,3105000015846,0.005119307324978245,0.472,No significativo,
AGEB,log_dens_pob,310500001288A,0.3023354236824743,0.022,HH,
AGEB,log_dens_pob,3105000012606,0.00043624433700235535,0.488,No significativo,
AGEB,log_dens_pob,3105000014621,0.0029518297697636595,0.431,No significativo,
AGEB,log_dens_pob,3105000015032,0.44811878261824006,0.098,No significativo,
AGEB,log_dens_pob,310500001039A,0.35674410198240136,0.119,No significativo,
AGEB,log_dens_pob,3105000012875,0.16654344840753235,0.155,No significativo,
AGEB,log_dens_pob,3105000016488,-0.08341674011929773,0.291,No significativo,
AGEB,log_dens_pob,3105000015761,0.05369712484572897,0.445,No significativo,
AGEB,log_dens_pob,3105000010366,0.037941494242058026,0.398,No significativo,
AGEB,log_dens_pob,3105000015210,1.1213726706750566,0.058,No significativo,
AGEB,log_dens_pob,3105000013801,1.03951322221885,0.005,HH,
AGEB,log_dens_pob,3105000013182,0.5859735463275958,0.054,No significativo,
AGEB,log_dens_pob,3105000013676,-0.024674667956007947,0.487,No significativo,
AGEB,log_dens_pob,3105000012926,-0.06587895357721173,0.141,No significativo,
AGEB,log_dens_pob,3105000011453,0.5100717210510237,0.08,No significativo,
AGEB,log_dens_pob,3105000011805,0.08385392344872605,0.176,No significativo,
AGEB,log_dens_pob,3105000015757,-0.06957971467708444,0.23,No significativo,
AGEB,log_dens_pob,3105000012714,0.08281730334466866,0.328,No significativo,
AGEB,log_dens_pob,3105000013746,0.008670570921168408,0.495,No significativo,
AGEB,log_dens_pob,3105000010347,0.020755228285855687,0.431,No significativo,
AGEB,log_dens_pob,3105000012748,-0.0121704030232921,0.498,No significativo,
AGEB,log_dens_pob,3105000014157,1.2791175012842133,0.01,HH,
AGEB,log_dens_pob,3105000010402,0.20669704912945594,0.251,No significativo,
AGEB,log_dens_pob,3105000016543,0.16635006914597752,0.033,LL,
AGEB,log_dens_pob,3105000012447,0.030006248736809404,0.348,No significativo,
AGEB,log_dens_pob,3105000014528,1.1191885010565175,0.006,HH,
AGEB,log_dens_pob,3105000012911,0.14763049810522416,0.252,No significativo,
AGEB,log_dens_pob,3105000014617,0.00950854401009682,0.277,No significativo,
AGEB,log_dens_pob,3105000014636,0.43823880937400983,0.077,No significativo,
AGEB,log_dens_pob,3105000014852,-0.02679899791416026,0.445,No significativo,
AGEB,log_dens_pob,3105000012945,0.2337837311970896,0.253,No significativo,
AGEB,log_dens_pob,310500001605A,0.02429950196868384,0.387,No significativo,
AGEB,log_dens_pob,310500001473A,0.012090136554906379,0.496,No significativo,
AGEB,log_dens_pob,3105000015511,-0.06082176012439047,0.467,No significativo,
AGEB,log_dens_pob,3105000013040,0.06604944328447342,0.352,No significativo,
AGEB,log_dens_pob,3105000012822,0.009587543008814715,0.292,No significativo,
AGEB,log_dens_pob,3105000016473,0.14699692033168213,0.168,No significativo,
AGEB,log_dens_pob,3105000014725,-0.06977317183665885,0.367,No significativo,
AGEB,log_dens_pob,3105000013657,0.30650002868518766,0.002,LL,
AGEB,log_dens_pob,3105000014994,0.0012415478892840823,0.14,No significativo,
AGEB,log_dens_pob,3105000012413,0.0028230247691207687,0.475,No significativo,
AGEB,log_dens_pob,3105000013799,0.9818838716758104,0.003,HH,
AGEB,log_dens_pob,3105000011557,0.08435921528549084,0.294,No significativo,
AGEB,log_dens_pob,3105000013093,1.0806937245451536,0.003,HH,
AGEB,log_dens_pob,3105000014848,0.21832184434449062,0.131,No significativo,
AGEB,log_dens_pob,3105000012343,0.44661688529932153,0.275,No significativo,
AGEB,log_dens_pob,3105000015422,-0.002990791381269598,0.447,No significativo,
AGEB,log_dens_pob,3105000012733,-0.0008055015305110562,0.468,No significativo,
AGEB,log_dens_pob,3105000010224,1.2403618769422866,0.031,LL,
AGEB,log_dens_pob,3105000013286,-0.38085380801301577,0.12,No significativo,
AGEB,log_dens_pob,3105000010262,-0.01875445991132024,0.092,No significativo,
AGEB,log_dens_pob,3105000015174,-0.43019829436221646,0.02,HL,
AGEB,log_dens_pob,3105000010332,0.15755837122579783,0.136,No significativo,
AGEB,log_dens_pob,3105000013341,-0.005585642218474678,0.102,No significativo,
AGEB,log_dens_pob,3105000013017,0.26064973297822275,0.113,No significativo,
AGEB,log_dens_pob,3105000012362,0.7496116700642406,0.103,No significativo,
AGEB,log_dens_pob,3105000014250,0.22368019843901144,0.004,HH,
AGEB,log_dens_pob,3105000015297,-0.230199366476182,0.049,LH,
AGEB,log_dens_pob,3105000012288,0.5052793446398826,0.041,HH,
AGEB,log_dens_pob,3105000012377,1.0173683580964636,0.073,No significativo,
AGEB,log_dens_pob,3105000012254,0.18076211118448052,0.054,No significativo,
AGEB,log_dens_pob,3105000014212,0.2517737658647166,0.177,No significativo,
AGEB,log_dens_pob,3105000010328,0.8607141895031957,0.013,LL,
AGEB,log_dens_pob,3105000011576,0.1753965029883544,0.084,No significativo,
AGEB,log_dens_pob,3105000012625,-0.7795481494124067,0.025,LH,
AGEB,log_dens_pob,3105000016384,1.0297317274663553,0.004,HH,
AGEB,log_dens_pob,3105000012485,0.009316604118072051,0.374,No significativo,
AGEB,log_dens_pob,3105000012080,0.35668172539920795,0.019,HH,
AGEB,log_dens_pob,3105000015009,0.20714843926490534,0.09,No significativo,
AGEB,log_dens_pob,3105000015348,-0.07401109025455233,0.362,No significativo,
AGEB,log_dens_pob,3105000012339,-0.4032938575743668,0.167,No significativo,
AGEB,log_dens_pob,310500001338A,0.13935230322184392,0.285,No significativo,
AGEB,log_dens_pob,310500001402A,-0.023165389267755503,0.493,No significativo,
AGEB,log_dens_pob,3105000010313,-0.0154901592793403,0.052,No significativo,
AGEB,log_dens_pob,3105000013712,0.6198818146425352,0.045,HH,
AGEB,log_dens_pob,3105000015704,0.28452595443837486,0.1,No significativo,
AGEB,log_dens_pob,310500001377A,0.32824390488235144,0.007,HH,
AGEB,log_dens_pob,3105000010737,0.3901961173598604,0.13,No significativo,
AGEB,log_dens_pob,3105000012235,0.2091784155836723,0.183,No significativo,
AGEB,log_dens_pob,3105000014265,0.23687172291591105,0.001,HH,
AGEB,log_dens_pob,3105000013356,-0.025291228634890698,0.262,No significativo,
AGEB,log_dens_pob,3105000012930,0.09642697250813667,0.42,No significativo,
AGEB,log_dens_pob,3105000015066,-0.02583960930673257,0.407,No significativo,
AGEB,log_dens_pob,3105000011650,0.5793421238307588,0.028,HH,
AGEB,log_dens_pob,310500001391A,0.582746776751159,0.002,HH,
AGEB,log_dens_pob,3105000010417,0.0562276692160466,0.474,No significativo,
AGEB,log_dens_pob,3105000013943,0.14130708086247096,0.023,HH,
AGEB,log_dens_pob,3105000010648,0.26058563961146813,0.164,No significativo,
AGEB,log_dens_pob,3105000014335,0.21695783110722727,0.001,HH,
AGEB,log_dens_pob,3105000012837,0.19269977741630012,0.019,HH,
AGEB,log_dens_pob,3105000012697,0.10546350975286524,0.25,No significativo,
AGEB,log_dens_pob,3105000013021,0.2520823697669674,0.189,No significativo,
AGEB,log_dens_pob,3105000014833,0.006047019605530645,0.153,No significativo,
AGEB,log_dens_pob,3105000015600,0.38791862478914374,0.058,No significativo,
AGEB,log_dens_pob,3105000015920,3.345312325734712,0.005,LL,
AGEB,log_dens_pob,310500001295A,0.5491963796207211,0.001,HH,
AGEB,log_dens_pob,3105000014602,0.40033685502105043,0.06,No significativo,
AGEB,log_dens_pob,3105000012273,0.8518832569733944,0.006,HH,
AGEB,log_dens_pob,310500001270A,-0.04178713169034834,0.195,No significativo,
AGEB,log_dens_pob,3105000012220,0.4762788318552258,0.063,No significativo,
AGEB,log_dens_pob,3105000012324,-0.2190484275049929,0.289,No significativo,
AGEB,log_dens_pob,3105000016149,-0.06890893361568558,0.216,No significativo,
AGEB,log_dens_pob,3105000010188,0.007872282795128924,0.384,No significativo,
AGEB,log_dens_pob,3105000010120,-0.006926286719803471,0.412,No significativo,
AGEB,log_dens_pob,3105000014496,0.48762538030938707,0.024,HH,
AGEB,log_dens_pob,3105000015085,0.21300245395942569,0.217,No significativo,
AGEB,log_dens_pob,3105000013360,0.23932273332964668,0.058,No significativo,
AGEB,log_dens_pob,3105000011345,0.006013347272027734,0.257,No significativo,
AGEB,log_dens_pob,310500001181A,0.026750416512184166,0.43,No significativo,
AGEB,log_dens_pob,3105000013002,-0.3021295514525573,0.062,No significativo,
AGEB,log_dens_pob,3105000013089,0.12395510733231642,0.046,LL,
AGEB,log_dens_pob,3105000013110,-0.35608813081392526,0.1,No significativo,
AGEB,log_dens_pob,3105000013619,-0.018896033666468172,0.417,No significativo,
AGEB,log_dens_pob,3105000014015,0.1562025864269145,0.043,LL,
AGEB,log_dens_pob,3105000014763,-0.11044553399491637,0.235,No significativo,
AGEB,log_dens_pob,3105000014960,4.062768193414143,0.001,LL,
AGEB,log_dens_pob,3105000015333,-0.1563748970105325,0.31,No significativo,
AGEB,log_dens_pob,3105000015456,-0.3789075626597837,0.19,No significativo,
AGEB,log_dens_pob,3105000015808,0.41141032474218653,0.122,No significativo,
AGEB,log_dens_pob,3105000016030,0.016941357150790738,0.16,No significativo,
AGEB,log_dens_pob,3105000016045,-0.3044986205082176,0.093,No significativo,
AGEB,log_dens_pob,3105000016219,-0.218997144508899,0.469,No significativo,
AGEB,log_dens_pob,310500001644A,5.289142001503882,0.015,LL,
AGEB,log_dens_pob,3105000016469,0.0033236874160555833,0.439,No significativo,
AGEB,log_dens_pob,3105000016632,0.39250531537961436,0.065,No significativo,
AGEB,log_dens_pob,3105000016721,-0.14872877573123142,0.308,No significativo,
AGEB,log_dens_pob,3105000013411,0.2830489132922292,0.122,No significativo,
AGEB,log_dens_pob,3105000014231,0.31771964384445384,0.274,No significativo,
AGEB,log_dens_pob,3105000012593,-0.1264865512667001,0.345,No significativo,
AGEB,log_dens_pob,3105000016647,0.5478533789406411,0.069,No significativo,
AGEB,log_dens_pob,3105000016967,1.2774524245309058,0.086,No significativo,
AGEB,log_dens_pob,3105000015579,0.1315057717510181,0.127,No significativo,
AGEB,log_dens_pob,3105000016191,-0.04381565218029648,0.093,No significativo,
AGEB,log_dens_pob,3105000015691,0.6172178807634081,0.022,HH,
AGEB,log_dens_pob,3105000016558,0.4092102842822409,0.157,No significativo,
AGEB,log_dens_pob,310500001078A,-1.3806170987801185,0.023,LH,
AGEB,log_dens_pob,3105000016365,0.6566585557745371,0.002,HH,
AGEB,log_dens_pob,3105000016670,-0.3759836350712812,0.246,No significativo,
AGEB,log_dens_pob,3105000016454,-0.05246905163520398,0.374,No significativo,
AGEB,log_dens_pob,3105000016878,0.21344588041233414,0.109,No significativo,
AGEB,log_dens_pob,3105000015475,-0.10723034109449758,0.321,No significativo,
AGEB,log_dens_pob,3105000014903,0.4315487947754237,0.004,LL,
AGEB,log_dens_pob,3105000016789,3.7275486808186105,0.005,LL,
AGEB,log_dens_pob,3105000016810,0.035875958688698424,0.499,No significativo,
AGEB,log_dens_pob,3105000016882,-0.007765813176323898,0.368,No significativo,
AGEB,log_dens_pob,3105000013977,-0.3443294503287678,0.25,No significativo,
AGEB,log_dens_pob,3105000014640,0.08155182256845309,0.116,No significativo,
AGEB,log_dens_pob,3105000013303,0.8905585248911099,0.036,HH,
AGEB,log_dens_pob,3105000014180,-0.013009381432968517,0.404,No significativo,
AGEB,log_dens_pob,3105000015028,0.01875686746006458,0.487,No significativo,
AGEB,log_dens_pob,3105000011608,0.0005362108400806174,0.473,No significativo,
AGEB,log_dens_pob,3105000015460,-0.11090394329085836,0.289,No significativo,
AGEB,log_dens_pob,310500001594A,0.3835372634045243,0.106,No significativo,
AGEB,log_dens_pob,3105000016717,0.01609554754971085,0.473,No significativo,
AGEB,log_dens_pob,3105000014320,-0.39777286951862934,0.062,No significativo,
AGEB,log_dens_pob,3105000015865,0.33223754551980067,0.097,No significativo,
AGEB,log_dens_pob,3105000015494,-0.011335979048385486,0.344,No significativo,
AGEB,log_dens_pob,3105000016793,-0.10128691398554054,0.046,HL,
AGEB,log_dens_pob,3105000012983,0.14699855350852922,0.104,No significativo,
AGEB,log_dens_pob,3105000014049,0.4234971057037417,0.103,No significativo,
AGEB,log_dens_pob,310500001683A,0.08536273642847411,0.315,No significativo,
AGEB,log_dens_pob,3105000013873,0.22444910827599857,0.204,No significativo,
AGEB,log_dens_pob,3105000016863,0.23444413987672474,0.398,No significativo,
AGEB,log_dens_pob,3105000010277,0.8027828145022633,0.134,No significativo,
AGEB,log_dens_pob,3105000016929,3.555883338271223,0.017,LL,
AGEB,log_dens_pob,3105000015884,-0.0036132162647716493,0.464,No significativo,
AGEB,log_dens_pob,3105000010031,-0.8217456907379671,0.23,No significativo,
AGEB,log_dens_pob,3105000016774,-0.03500719999261708,0.355,No significativo,
AGEB,log_dens_pob,3105000016952,0.08334781133631064,0.152,No significativo,
AGEB,log_dens_pob,3105000016083,4.0100301526893025,0.001,LL,
AGEB,log_dens_pob,3105000010845,0.20393589829758504,0.275,No significativo,
AGEB,log_dens_pob,310500001651A,-0.1583681320351463,0.001,HL,
AGEB,log_dens_pob,3105000016524,0.02201689795660468,0.43,No significativo,
AGEB,log_dens_pob,3105000016651,0.2869672332688288,0.031,HH,
AGEB,log_dens_pob,3105000013074,0.006091527125429473,0.488,No significativo,
AGEB,log_dens_pob,3105000015441,0.661476477404597,0.077,No significativo,
AGEB,log_dens_pob,3105000016187,0.07134031562448,0.465,No significativo,
AGEB,log_dens_pob,3105000016859,-0.1840593782013962,0.348,No significativo,
AGEB,log_dens_pob,3105000013604,0.048175318448116684,0.417,No significativo,
AGEB,log_dens_pob,3105000010559,1.0938408297862523,0.158,No significativo,
AGEB,log_dens_pob,310500001516A,0.10581363138845927,0.196,No significativo,
AGEB,log_dens_pob,3105000016064,0.30658711930627536,0.243,No significativo,
AGEB,log_dens_pob,3105000015812,0.22018317326557751,0.069,No significativo,
AGEB,log_dens_pob,3105000014299,3.149194354117246,0.014,LL,
AGEB,log_dens_pob,3105000014674,3.224870290856961,0.001,LL,
AGEB,log_dens_pob,3105000013500,0.5676070916647676,0.066,No significativo,
AGEB,log_dens_pob,3105000016948,2.046704861306335,0.155,No significativo,
AGEB,log_dens_pob,3105000011684,-1.1669375974798222,0.004,LH,
AGEB,log_dens_pob,3105000016897,0.5850792102452652,0.082,No significativo,
AGEB,log_dens_pob,3105000013591,4.7822832325887825,0.001,LL,
AGEB,log_dens_pob,3105000014284,3.487830319330059,0.001,LL,
AGEB,log_dens_pob,3105000016844,0.008185504025454027,0.4,No significativo,
AGEB,log_dens_pob,310500001562A,1.7749979664440725,0.013,LL,
AGEB,log_dens_pob,310500001587A,-0.02346502636772613,0.477,No significativo,
AGEB,log_dens_pob,3105000016420,3.288446534474867,0.051,No significativo,
AGEB,log_dens_pob,3105000016134,0.7557011823340668,0.049,LL,
AGEB,log_dens_pob,3105000014693,0.37428626782999036,0.035,HH,
AGEB,log_dens_pob,3105000014689,0.2367079289724126,0.194,No significativo,
AGEB,log_dens_pob,3105000015988,0.007017294057309547,0.359,No significativo,
AGEB,log_dens_pob,3105000016740,0.9918833357681224,0.079,No significativo,
AGEB,log_dens_pob,310500001548A,0.07737890875881376,0.422,No significativo,
AGEB,log_dens_pob,3105000017024,-0.04759960761657039,0.401,No significativo,
AGEB,log_dens_pob,310500001669A,1.05057571524089,0.008,LL,
AGEB,log_dens_pob,3105000016435,3.017214308984118,0.001,LL,
AGEB,log_dens_pob,310500001498A,2.5483960806828483,0.019,LL,
AGEB,log_dens_pob,3105000010614,-0.01282890437780306,0.102,No significativo,
AGEB,log_dens_pob,3105000016666,0.6067655915313132,0.113,No significativo,
AGEB,log_dens_pob,310500001676A,0.02203396742406634,0.497,No significativo,
AGEB,log_dens_pob,3105000016914,0.8713390877743296,0.123,No significativo,
AGEB,log_dens_pob,3105000014744,-0.15319044147591662,0.314,No significativo,
AGEB,log_dens_pob,3105000015526,1.3738158381128236,0.003,LL,
AGEB,log_dens_pob,3105000015969,0.0864054730078736,0.357,No significativo,
AGEB,log_dens_pob,3105000017005,-0.06575822450782894,0.234,No significativo,
AGEB,log_dens_pob,3105000014871,0.39449777284861764,0.341,No significativo,
AGEB,log_dens_pob,3105000016702,0.017119622847672124,0.146,No significativo,
AGEB,log_dens_pob,3105000016806,0.5770371612184447,0.119,No significativo,
AGEB,log_dens_pob,3105000015899,4.231454118608223,0.001,LL,
AGEB,log_dens_pob,3105000015437,0.0003028833902461535,0.355,No significativo,
AGEB,log_dens_pob,3105000013233,0.07485746890364942,0.241,No significativo,
AGEB,log_dens_pob,3105000013248,-0.12931094171222213,0.442,No significativo,
AGEB,log_dens_pob,3105000011843,-0.00847191877767186,0.219,No significativo,
AGEB,log_dens_pob,3105000015155,-0.013972521110282224,0.431,No significativo,
AGEB,log_dens_pob,3105000013483,0.017098312413028678,0.252,No significativo,
AGEB,log_dens_pob,3105000015121,0.05206826060825512,0.211,No significativo,
AGEB,log_dens_pob,3105000010474,2.490060493491215,0.073,No significativo,
AGEB,log_dens_pob,3105000014477,4.84819554446309,0.001,LL,
AGEB,log_dens_pob,3105000016100,7.39239984404327,0.001,LL,
AGEB,log_dens_pob,3105000013445,1.3770430602466333,0.003,LL,
AGEB,log_dens_pob,3105000015916,1.3316217952739733,0.002,LL,
AGEB,log_dens_pob,3105000014759,0.01519136624015038,0.388,No significativo,
AGEB,log_dens_pob,3105000016007,1.2272289506449252,0.067,No significativo,
AGEB,log_dens_pob,310500001427A,7.029502243974341,0.001,LL,
AGEB,log_dens_pob,3105000016257,9.482499940308594,0.033,LL,
AGEB,log_dens_pob,3105000016416,1.5952517335780985,0.015,LL,
AGEB,log_dens_pob,3105000016613,-0.3083138971195585,0.429,No significativo,
AGEB,log_dens_pob,3105000010154,3.0037236610728586,0.118,No significativo,
AGEB,log_dens_pob,310500001690A,0.4713141464432607,0.079,No significativo,
AGEB,log_dens_pob,3105000016971,0.4760218501211255,0.208,No significativo,
AGEB,log_dens_pob,3105000016825,0.08212060329054872,0.327,No significativo,
AGEB,log_dens_pob,3105000014462,-0.1256311877338072,0.433,No significativo,
AGEB,log_dens_pob,3105000014975,2.4772184460100695,0.022,LL,
AGEB,log_dens_pob,3105000016261,4.889987809447466,0.001,LL,
AGEB,log_dens_pob,3105000015973,0.07650161577722703,0.207,No significativo,
AGEB,log_dens_pob,3105000016990,-0.03577260060909678,0.172,No significativo,
AGEB,log_dens_pob,3105000016098,5.14891548376332,0.003,LL,
AGEB,log_dens_pob,3105000016986,-0.4377295960350331,0.269,No significativo,
AGEB,log_dens_pob,3105000014778,0.708060837907893,0.047,LL,
AGEB,log_dens_pob,310500001345A,2.4850317849384456,0.003,LL,
AGEB,log_dens_pob,3105000014585,4.490558143947106,0.071,No significativo,
AGEB,log_dens_pob,3105000016628,-0.07020353218829818,0.064,No significativo,
AGEB,log_dens_pob,3105000015776,0.030118851376630878,0.191,No significativo,
AGEB,log_dens_pob,3105000013515,0.4745631016667591,0.006,HH,
AGEB,log_dens_pob,3105000015136,0.9386678390538159,0.004,HH,
AGEB,log_dens_pob,3105000016079,0.0018006862602164522,0.14,No significativo,
AGEB,log_dens_pob,310500001701A,1.4292140209824313,0.17,No significativo,
AGEB,log_dens_pob,3105000017043,0.327633012514333,0.349,No significativo,
Municipio,tasa_delitos_eb,31001,0.20298808766854556,0.173,No significativo,Abalá
Municipio,tasa_delitos_eb,31002,0.14957992322367736,0.254,No significativo,Acanceh
Municipio,tasa_delitos_eb,31003,0.11955180786694831,0.315,No significativo,Akil
Municipio,tasa_delitos_eb,31004,3.6491445350004246,0.015,HH,Baca
Municipio,tasa_delitos_eb,31005,1.9286108107256037,0.048,HH,Bokobá
Municipio,tasa_delitos_eb,31006,0.16653722772521556,0.144,No significativo,Buctzotz
Municipio,tasa_delitos_eb,31007,0.16047818360516777,0.105,No significativo,Cacalchén
Municipio,tasa_delitos_eb,31008,0.2769310271336146,0.077,No significativo,Calotmul
Municipio,tasa_delitos_eb,31009,0.3907065450127929,0.087,No significativo,Cansahcab
Municipio,tasa_delitos_eb,31010,0.15906770816051982,0.072,No significativo,Cantamayec
Municipio,tasa_delitos_eb,31011,-0.12831163241143892,0.453,No significativo,Celestún
Municipio,tasa_delitos_eb,31012,0.19549909263086968,0.139,No significativo,Cenotillo
Municipio,tasa_delitos_eb,31013,-0.3862388286112066,0.242,No significativo,Conkal
Municipio,tasa_delitos_eb,31014,0.03311371405588179,0.274,No significativo,Cuncunul
Municipio,tasa_delitos_eb,31015,-0.16034064623345584,0.007,HL,Cuzamá
Municipio,tasa_delitos_eb,31016,0.2744373931486543,0.047,LL,Chacsinkín
Municipio,tasa_delitos_eb,31017,0.2228412250979145,0.044,LL,Chankom
Municipio,tasa_delitos_eb,31018,-0.24460069493713776,0.162,No significativo,Chapab
Municipio,tasa_delitos_eb,31019,-0.5821766137119013,0.172,No significativo,Chemax
Municipio,tasa_delitos_eb,31020,-0.3975633349756976,0.083,No significativo,Chicxulub Pueblo
Municipio,tasa_delitos_eb,31021,-0.19592866413200638,0.186,No significativo,Chichimilá
Municipio,tasa_delitos_eb,31022,0.60005469085073,0.015,LL,Chikindzonot
Municipio,tasa_delitos_eb,31023,-0.00013525460206937292,0.471,No significativo,Chocholá
Municipio,tasa_delitos_eb,31024,0.28562502097923576,0.018,LL,Chumayel
Municipio,tasa_delitos_eb,31025,0.053098376981521284,0.432,No significativo,Dzan
Municipio,tasa_delitos_eb,31026,2.1851950932473017,0.004,HH,Dzemul
Municipio,tasa_delitos_eb,31027,0.0789972307489933,0.257,No significativo,Dzidzantún
Municipio,tasa_delitos_eb,31028,-0.06392949733933534,0.494,No significativo,Dzilam de Bravo
Municipio,tasa_delitos_eb,31029,0.00815358042475974,0.455,No significativo,Dzilam González
Municipio,tasa_delitos_eb,31030,0.23092118853199523,0.018,LL,Dzitás
Municipio,tasa_delitos_eb,31031,0.08745708605250176,0.47,No significativo,Dzoncauich
Municipio,tasa_delitos_eb,31032,0.05031434158158767,0.468,No significativo,Espita
Municipio,tasa_delitos_eb,31033,-0.45045193359414054,0.132,No significativo,Halachó
Municipio,tasa_delitos_eb,31034,0.5490671781279987,0.055,No significativo,Hocabá
Municipio,tasa_delitos_eb,31035,-0.17986645076365235,0.239,No significativo,Hoctún
Municipio,tasa_delitos_eb,31036,0.6271020085681828,0.002,LL,Homún
Municipio,tasa_delitos_eb,31037,0.30279079694028777,0.015,LL,Huhí
Municipio,tasa_delitos_eb,31038,-0.7308294347443579,0.097,No significativo,Hunucmá
Municipio,tasa_delitos_eb,31039,3.870604184722134,0.003,HH,Ixil
Municipio,tasa_delitos_eb,31040,0.07658412384084545,0.399,No significativo,Izamal
Municipio,tasa_delitos_eb,31041,-1.3098940408281499,0.031,HL,Kanasín
Municipio,tasa_delitos_eb,31042,0.05135186176780486,0.498,No significativo,Kantunil
Municipio,tasa_delitos_eb,31043,0.11598043389461163,0.221,No significativo,Kaua
Municipio,tasa_delitos_eb,31044,-0.00328053282418981,0.432,No significativo,Kinchil
Municipio,tasa_delitos_eb,31045,0.019405280614558047,0.306,No significativo,Kopomá
Municipio,tasa_delitos_eb,31046,0.3282564665365039,0.071,No significativo,Mama
Municipio,tasa_delitos_eb,31047,0.030509571945429928,0.474,No significativo,Maní
Municipio,tasa_delitos_eb,31048,-0.24089502440174845,0.312,No significativo,Maxcanú
Municipio,tasa_delitos_eb,31049,0.41279415946656933,0.007,LL,Mayapán
Municipio,tasa_delitos_eb,31050,2.1428200397643606,0.004,HH,Mérida
Municipio,tasa_delitos_eb,31051,1.3059546447659698,0.01,HH,Mocochá
Municipio,tasa_delitos_eb,31052,3.2386785103768205,0.001,HH,Motul
Municipio,tasa_delitos_eb,31053,-0.04823055225495267,0.382,No significativo,Muna
Municipio,tasa_delitos_eb,31054,-0.41141562582170366,0.005,LH,Muxupip
Municipio,tasa_delitos_eb,31055,-0.01441497812823563,0.421,No significativo,Opichén
Municipio,tasa_delitos_eb,31056,-0.14475674121815188,0.243,No significativo,Oxkutzcab
Municipio,tasa_delitos_eb,31057,0.007031435272375524,0.467,No significativo,Panabá
Municipio,tasa_delitos_eb,31058,0.6812733572150301,0.008,LL,Peto
Municipio,tasa_delitos_eb,31059,3.688709426235807,0.041,HH,Progreso
Municipio,tasa_delitos_eb,31060,-0.016747279416603044,0.24,No significativo,Quintana Roo
Municipio,tasa_delitos_eb,31061,0.02620155036138344,0.468,No significativo,Río Lagartos
Municipio,tasa_delitos_eb,31062,0.0634705149933678,0.376,No significativo,Sacalum
Municipio,tasa_delitos_eb,31063,-0.265939798840173,0.252,No significativo,Samahil
Municipio,tasa_delitos_eb,31064,0.24538644540090168,0.02,LL,Sanahcat
Municipio,tasa_delitos_eb,31065,-0.1677770748923773,0.229,No significativo,San Felipe
Municipio,tasa_delitos_eb,31066,-0.02408640651057613,0.368,No significativo,Santa Elena
Municipio,tasa_delitos_eb,31067,0.4296566003828741,0.006,LL,Seyé
Municipio,tasa_delitos_eb,31068,-0.29833739331677755,0.019,LH,Sinanché
Municipio,tasa_delitos_eb,31069,0.5020783515033774,0.021,LL,Sotuta
Municipio,tasa_delitos_eb,31070,0.0024143432290029783,0.112,No significativo,Sucilá
Municipio,tasa_delitos_eb,31071,-0.12633070527347934,0.214,No significativo,Sudzal
Municipio,tasa_delitos_eb,31072,0.6072164558942026,0.016,HH,Suma
Municipio,tasa_delitos_eb,31073,0.5793837479457632,0.023,LL,Tahdziú
Municipio,tasa_delitos_eb,31074,0.23810504086753245,0.038,LL,Tahmek
Municipio,tasa_delitos_eb,31075,0.05218428128189512,0.485,No significativo,Teabo
Municipio,tasa_delitos_eb,31076,0.5510066323978469,0.064,No significativo,Tecoh
Municipio,tasa_delitos_eb,31077,0.011082502708754525,0.494,No significativo,Tekal de Venegas
Municipio,tasa_delitos_eb,31078,-0.09349462100747427,0.031,LH,Tekantó
Municipio,tasa_delitos_eb,31079,-0.5062458295606248,0.212,No significativo,Tekax
Municipio,tasa_delitos_eb,31080,0.7642178573159305,0.01,LL,Tekit
Municipio,tasa_delitos_eb,31081,-0.0024303476877435295,0.454,No significativo,Tekom
Municipio,tasa_delitos_eb,31082,0.293659763505278,0.016,HH,Telchac Pueblo
Municipio,tasa_delitos_eb,31083,0.6012665910736901,0.21,No significativo,Telchac Puerto
Municipio,tasa_delitos_eb,31084,0.021389482371005644,0.422,No significativo,Temax
Municipio,tasa_delitos_eb,31085,0.009117225355145376,0.463,No significativo,Temozón
Municipio,tasa_delitos_eb,31086,-0.04789328785301351,0.237,No significativo,Tepakán
Municipio,tasa_delitos_eb,31087,-0.042288340183101014,0.326,No significativo,Tetiz
Municipio,tasa_delitos_eb,31088,-0.030091962780655335,0.14,No significativo,Teya
Municipio,tasa_delitos_eb,31089,-0.14391676187156546,0.263,No significativo,Ticul
Municipio,tasa_delitos_eb,31090,0.0037661707868639057,0.439,No significativo,Timucuy
Municipio,tasa_delitos_eb,31091,0.5090778157920102,0.086,No significativo,Tinum
Municipio,tasa_delitos_eb,31092,0.4013792293957877,0.139,No significativo,Tixcacalcupul
Municipio,tasa_delitos_eb,31093,-0.38922609957544124,0.158,No significativo,Tixkokob
Municipio,tasa_delitos_eb,31094,-0.03864786693926981,0.392,No significativo,Tixméhuac
Municipio,tasa_delitos_eb,31095,0.09390671608065844,0.469,No significativo,Tixpéhual
Municipio,tasa_delitos_eb,31096,0.08362829360944188,0.016,LL,Tizimín
Municipio,tasa_delitos_eb,31097,0.028325821044870598,0.46,No significativo,Tunkás
Municipio,tasa_delitos_eb,31098,0.040343138350932686,0.482,No significativo,Tzucacab
Municipio,tasa_delitos_eb,31099,-0.003611754853762644,0.443,No significativo,Uayma
Municipio,tasa_delitos_eb,31100,-0.9236838471019362,0.081,No significativo,Ucú
Municipio,tasa_delitos_eb,31101,0.38896731404303764,0.161,No significativo,Umán
Municipio,tasa_delitos_eb,31102,-1.4242592988354215,0.026,HL,Valladolid
Municipio,tasa_delitos_eb,31103,0.11153977985276187,0.014,LL,Xocchel
Municipio,tasa_delitos_eb,31104,0.6432944571774974,0.009,LL,Yaxcabá
Municipio,tasa_delitos_eb,31105,0.2815381122888146,0.088,No significativo,Yaxkukul
Municipio,tasa_delitos_eb,31106,0.473487325794261,0.056,No significativo,Yobaín
Municipio,BV log_dens_neg~W tasa_delitos_eb,31001,-0.5252612814318607,0.173,No significativo,Abalá
Municipio,BV log_dens_neg~W tasa_delitos_eb,31002,-0.1903776028449109,0.254,No significativo,Acanceh
Municipio,BV log_dens_neg~W tasa_delitos_eb,31003,0.3858129204810485,0.315,No significativo,Akil
Municipio,BV log_dens_neg~W tasa_delitos_eb,31004,0.2632990452866826,0.015,HH,Baca
Municipio,BV log_dens_neg~W tasa_delitos_eb,31005,-0.004149928207427588,0.048,LH,Bokobá
Municipio,BV log_dens_neg~W tasa_delitos_eb,31006,0.3178435376055433,0.144,No significativo,Buctzotz
Municipio,BV log_dens_neg~W tasa_delitos_eb,31007,0.41750922006629637,0.105,No significativo,Cacalchén
Municipio,BV log_dens_neg~W tasa_delitos_eb,31008,0.6548033694719445,0.077,No significativo,Calotmul
Municipio,BV log_dens_neg~W tasa_delitos_eb,31009,-0.010017367697657363,0.087,No significativo,Cansahcab
Municipio,BV log_dens_neg~W tasa_delitos_eb,31010,0.44828472567498684,0.072,No significativo,Cantamayec
Municipio,BV log_dens_neg~W tasa_delitos_eb,31011,0.1360794433702043,0.453,No significativo,Celestún
Municipio,BV log_dens_neg~W tasa_delitos_eb,31012,0.3752412973361529,0.139,No significativo,Cenotillo
Municipio,BV log_dens_neg~W tasa_delitos_eb,31013,0.5626483941221676,0.242,No significativo,Conkal
Municipio,BV log_dens_neg~W tasa_delitos_eb,31014,-0.20337482019490863,0.274,No significativo,Cuncunul
Municipio,BV log_dens_neg~W tasa_delitos_eb,31015,0.13933835488583593,0.007,LL,Cuzamá
Municipio,BV log_dens_neg~W tasa_delitos_eb,31016,-0.6400947552001048,0.047,HL,Chacsinkín
Municipio,BV log_dens_neg~W tasa_delitos_eb,31017,0.8418638041291596,0.044,LL,Chankom
Municipio,BV log_dens_neg~W tasa_delitos_eb,31018,0.2919505297683759,0.162,No significativo,Chapab
Municipio,BV log_dens_neg~W tasa_delitos_eb,31019,-0.34215300898493967,0.172,No significativo,Chemax
Municipio,BV log_dens_neg~W tasa_delitos_eb,31020,1.4170406859080547,0.083,No significativo,Chicxulub Pueblo
Municipio,BV log_dens_neg~W tasa_delitos_eb,31021,-0.4921419791763239,0.186,No significativo,Chichimilá
Municipio,BV log_dens_neg~W tasa_delitos_eb,31022,0.37793886686750716,0.015,LL,Chikindzonot
Municipio,BV log_dens_neg~W tasa_delitos_eb,31023,0.005828415738375749,0.471,No significativo,Chocholá
Municipio,BV log_dens_neg~W tasa_delitos_eb,31024,-1.0863328221182484,0.018,HL,Chumayel
Municipio,BV log_dens_neg~W tasa_delitos_eb,31025,-0.1757015739096243,0.432,No significativo,Dzan
Municipio,BV log_dens_neg~W tasa_delitos_eb,31026,-0.9462039884299399,0.004,LH,Dzemul
Municipio,BV log_dens_neg~W tasa_delitos_eb,31027,0.07205886893079003,0.257,No significativo,Dzidzantún
Municipio,BV log_dens_neg~W tasa_delitos_eb,31028,0.1017566026367358,0.494,No significativo,Dzilam de Bravo
Municipio,BV log_dens_neg~W tasa_delitos_eb,31029,0.08287993274201103,0.455,No significativo,Dzilam González
Municipio,BV log_dens_neg~W tasa_delitos_eb,31030,0.33011961373817655,0.018,LL,Dzitás
Municipio,BV log_dens_neg~W tasa_delitos_eb,31031,0.15625185364353275,0.47,No significativo,Dzoncauich
Municipio,BV log_dens_neg~W tasa_delitos_eb,31032,0.01345149083448688,0.468,No significativo,Espita
Municipio,BV log_dens_neg~W tasa_delitos_eb,31033,-0.14166459264086428,0.121,No significativo,Halachó
Municipio,BV log_dens_neg~W tasa_delitos_eb,31034,-0.08687325193251168,0.055,No significativo,Hocabá
Municipio,BV log_dens_neg~W tasa_delitos_eb,31035,0.06506557981661093,0.239,No significativo,Hoctún
Municipio,BV log_dens_neg~W tasa_delitos_eb,31036,0.04579812490806938,0.002,LL,Homún
Municipio,BV log_dens_neg~W tasa_delitos_eb,31037,-0.0456991504115115,0.015,HL,Huhí
Municipio,BV log_dens_neg~W tasa_delitos_eb,31038,-0.0478604774810983,0.097,No significativo,Hunucmá
Municipio,BV log_dens_neg~W tasa_delitos_eb,31039,-0.063424511806847,0.003,LH,Ixil
Municipio,BV log_dens_neg~W tasa_delitos_eb,31040,0.053539260044517506,0.399,No significativo,Izamal
Municipio,BV log_dens_neg~W tasa_delitos_eb,31041,-3.0440426771351974,0.031,HL,Kanasín
Municipio,BV log_dens_neg~W tasa_delitos_eb,31042,0.03899234479126857,0.498,No significativo,Kantunil
Municipio,BV log_dens_neg~W tasa_delitos_eb,31043,-0.022631457313734733,0.221,No significativo,Kaua
Municipio,BV log_dens_neg~W tasa_delitos_eb,31044,0.010109944735956807,0.432,No significativo,Kinchil
Municipio,BV log_dens_neg~W tasa_delitos_eb,31045,-0.14458554245521427,0.306,No significativo,Kopomá
Municipio,BV log_dens_neg~W tasa_delitos_eb,31046,-0.3871348144405483,0.071,No significativo,Mama
Municipio,BV log_dens_neg~W tasa_delitos_eb,31047,-0.060295692983422605,0.474,No significativo,Maní
Municipio,BV log_dens_neg~W tasa_delitos_eb,31048,0.1702040661979549,0.312,No significativo,Maxcanú
Municipio,BV log_dens_neg~W tasa_delitos_eb,31049,-1.093669300606555,0.007,HL,Mayapán
Municipio,BV log_dens_neg~W tasa_delitos_eb,31050,6.78539013634239,0.004,HH,Mérida
Municipio,BV log_dens_neg~W tasa_delitos_eb,31051,0.43940435543949297,0.01,HH,Mocochá
Municipio,BV log_dens_neg~W tasa_delitos_eb,31052,1.2487021960111189,0.001,HH,Motul
Municipio,BV log_dens_neg~W tasa_delitos_eb,31053,-0.010916545967535348,0.382,No significativo,Muna
Municipio,BV log_dens_neg~W tasa_delitos_eb,31054,0.17640739523797327,0.005,HH,Muxupip
Municipio,BV log_dens_neg~W tasa_delitos_eb,31055,-0.021475447265542534,0.421,No significativo,Opichén
Municipio,BV log_dens_neg~W tasa_delitos_eb,31056,0.020957851272959006,0.243,No significativo,Oxkutzcab
Municipio,BV log_dens_neg~W tasa_delitos_eb,31057,0.010842867341881496,0.467,No significativo,Panabá
Municipio,BV log_dens_neg~W tasa_delitos_eb,31058,0.2516147460578178,0.008,LL,Peto
Municipio,BV log_dens_neg~W tasa_delitos_eb,31059,1.157624207018975,0.041,HH,Progreso
Municipio,BV log_dens_neg~W tasa_delitos_eb,31060,0.19486052952367658,0.24,No significativo,Quintana Roo
Municipio,BV log_dens_neg~W tasa_delitos_eb,31061,0.1487046669270625,0.468,No significativo,Río Lagartos
Municipio,BV log_dens_neg~W tasa_delitos_eb,31062,0.06551375958307282,0.376,No significativo,Sacalum
Municipio,BV log_dens_neg~W tasa_delitos_eb,31063,-0.18758389031459394,0.252,No significativo,Samahil
Municipio,BV log_dens_neg~W tasa_delitos_eb,31064,-0.43722191062689514,0.02,HL,Sanahcat
Municipio,BV log_dens_neg~W tasa_delitos_eb,31065,0.7889086503800417,0.229,No significativo,San Felipe
Municipio,BV log_dens_neg~W tasa_delitos_eb,31066,-0.10330414601838069,0.368,No significativo,Santa Elena
Municipio,BV log_dens_neg~W tasa_delitos_eb,31067,-0.09098446042608856,0.006,HL,Seyé
Municipio,BV log_dens_neg~W tasa_delitos_eb,31068,-0.5743433845532309,0.019,LH,Sinanché
Municipio,BV log_dens_neg~W tasa_delitos_eb,31069,0.3042111479332347,0.021,LL,Sotuta
Municipio,BV log_dens_neg~W tasa_delitos_eb,31070,0.41020365569988,0.112,No significativo,Sucilá
Municipio,BV log_dens_neg~W tasa_delitos_eb,31071,0.44909003630023886,0.214,No significativo,Sudzal
Municipio,BV log_dens_neg~W tasa_delitos_eb,31072,-0.529441316769541,0.016,LH,Suma
Municipio,BV log_dens_neg~W tasa_delitos_eb,31073,-0.4265120224394015,0.023,HL,Tahdziú
Municipio,BV log_dens_neg~W tasa_delitos_eb,31074,0.008669237032864291,0.038,LL,Tahmek
Municipio,BV log_dens_neg~W tasa_delitos_eb,31075,-0.08125334431901349,0.485,No significativo,Teabo
Municipio,BV log_dens_neg~W tasa_delitos_eb,31076,0.28287358972190896,0.064,No significativo,Tecoh
Municipio,BV log_dens_neg~W tasa_delitos_eb,31077,0.029575058967377537,0.494,No significativo,Tekal de Venegas
Municipio,BV log_dens_neg~W tasa_delitos_eb,31078,0.6385157394770785,0.031,HH,Tekantó
Municipio,BV log_dens_neg~W tasa_delitos_eb,31079,0.22420273881490638,0.212,No significativo,Tekax
Municipio,BV log_dens_neg~W tasa_delitos_eb,31080,-0.8513952796757661,0.01,HL,Tekit
Municipio,BV log_dens_neg~W tasa_delitos_eb,31081,-0.004367134582271565,0.454,No significativo,Tekom
Municipio,BV log_dens_neg~W tasa_delitos_eb,31082,1.373408012208062,0.016,HH,Telchac Pueblo
Municipio,BV log_dens_neg~W tasa_delitos_eb,31083,0.34176070332315395,0.21,No significativo,Telchac Puerto
Municipio,BV log_dens_neg~W tasa_delitos_eb,31084,0.056489776734908036,0.422,No significativo,Temax
Municipio,BV log_dens_neg~W tasa_delitos_eb,31085,0.00026668117932418067,0.463,No significativo,Temozón
Municipio,BV log_dens_neg~W tasa_delitos_eb,31086,-0.09769403035403243,0.237,No significativo,Tepakán
Municipio,BV log_dens_neg~W tasa_delitos_eb,31087,-0.18250966913284594,0.326,No significativo,Tetiz
Municipio,BV log_dens_neg~W tasa_delitos_eb,31088,0.04469818630325145,0.14,No significativo,Teya
Municipio,BV log_dens_neg~W tasa_delitos_eb,31089,-0.5307180006493005,0.263,No significativo,Ticul
Municipio,BV log_dens_neg~W tasa_delitos_eb,31090,0.002097516547685006,0.439,No significativo,Timucuy
Municipio,BV log_dens_neg~W tasa_delitos_eb,31091,0.013203025513741798,0.086,No significativo,Tinum
Municipio,BV log_dens_neg~W tasa_delitos_eb,31092,0.3859779923437413,0.139,No significativo,Tixcacalcupul
Municipio,BV log_dens_neg~W tasa_delitos_eb,31093,0.2955735563689468,0.158,No significativo,Tixkokob
Municipio,BV log_dens_neg~W tasa_delitos_eb,31094,0.007620564065927486,0.392,No significativo,Tixméhuac
Municipio,BV log_dens_neg~W tasa_delitos_eb,31095,-0.004576380171243777,0.469,No significativo,Tixpéhual
Municipio,BV log_dens_neg~W tasa_delitos_eb,31096,0.37990674820813514,0.016,LL,Tizimín
Municipio,BV log_dens_neg~W tasa_delitos_eb,31097,0.06951480303214679,0.46,No significativo,Tunkás
Municipio,BV log_dens_neg~W tasa_delitos_eb,31098,0.02755155272131727,0.482,No significativo,Tzucacab
Municipio,BV log_dens_neg~W tasa_delitos_eb,31099,-0.0023518582380486794,0.443,No significativo,Uayma
Municipio,BV log_dens_neg~W tasa_delitos_eb,31100,-0.840226783137924,0.08,No significativo,Ucú
Municipio,BV log_dens_neg~W tasa_delitos_eb,31101,0.8206557056375307,0.161,No significativo,Umán
Municipio,BV log_dens_neg~W tasa_delitos_eb,31102,-0.5802029018123376,0.026,HL,Valladolid
Municipio,BV log_dens_neg~W tasa_delitos_eb,31103,0.25580891068505285,0.014,LL,Xocchel
Municipio,BV log_dens_neg~W tasa_delitos_eb,31104,0.7343742443701626,0.009,LL,Yaxcabá
Municipio,BV log_dens_neg~W tasa_delitos_eb,31105,0.3832009680128351,0.088,No significativo,Yaxkukul
Municipio,BV log_dens_neg~W tasa_delitos_eb,31106,-0.5491826177158444,0.056,No significativo,Yobaín
