var,n_asterisco,n_ND,min,mediana,max
POBTOT,0,0,0.0,1797.0,7244.0
POBFEM,3,0,0.0,947.5,3772.0
POBMAS,3,0,0.0,861.0,3472.0
P_12YMAS,3,0,0.0,1538.0,5534.0
PEA,3,0,0.0,966.0,4146.0
PE_INAC,4,0,0.0,572.0,1966.0
POCUPADA,3,0,0.0,951.5,4106.0
PDESOCUP,47,0,0.0,12.5,148.0
POB0_14,6,0,0.0,335.0,2006.0
POB15_64,3,0,0.0,1293.5,5041.0
POB65_MAS,8,0,0.0,150.0,1023.0
P_60YMAS,10,0,0.0,237.0,1360.0
GRAPROES,3,0,0.0,11.495000000000001,15.97
VIVTOT,0,0,0.0,688.0,3268.0
TVIVHAB,3,0,0.0,568.5,2499.0
VPH_INTER,5,0,0.0,416.0,1890.0
VPH_AUTOM,7,0,0.0,321.0,1548.0
PSINDER,3,0,0.0,396.0,1912.0
