CVEGEO,origen
3105000010883,solo_poligono
3105000010898,solo_poligono
3105000010900,solo_poligono
3105000010915,solo_poligono
310500001092A,solo_poligono
3105000010934,solo_poligono
3105000010949,solo_poligono
3105000010953,solo_poligono
3105000010968,solo_poligono
3105000010987,solo_poligono
3105000011044,solo_poligono
3105000011063,solo_poligono
3105000011097,solo_poligono
3105000011148,solo_poligono
3105000011171,solo_poligono
3105000011326,solo_poligono
310500001135A,solo_poligono
3105000011383,solo_poligono
