CVEGEO,negocios,comercio,servicios,sector_dominante,area_km2,POBTOT,dens_negocios_km2,dens_comercio_km2,dens_servicios_km2,negocios_x1000hab
3105000015329,150.0,57.0,70.0,46,0.3367760558444105,2199.0,445.39983587580093,169.25193763280436,207.85325674204043,68.21282401091405
3105000012466,80.0,25.0,44.0,46,0.4535156011384591,3049.0,176.39966475061982,55.12489523456869,97.0198156128409,26.238110856018366
310500001249A,111.0,31.0,49.0,46,0.3873619557391183,1208.0,286.5536957242043,80.02850961666967,126.49667649086496,91.88741721854305
3105000015827,44.0,13.0,27.0,46,0.2920937192446174,2032.0,150.6365837436979,44.50626337881984,92.43608547908737,21.653543307086615
3105000014706,124.0,43.0,70.0,46,0.315531509258861,3222.0,392.98769334086006,136.2779904327176,221.8478914020984,38.48541278708876
3105000013784,151.0,67.0,69.0,46,0.322045716429096,3838.0,468.87752979395793,208.04499666354425,214.25529507141124,39.34340802501303
3105000013695,97.0,33.0,38.0,46,0.4637928288993061,1586.0,209.14510521907968,71.15245847659412,81.9331340033508,61.160151324085746
3105000010760,176.0,63.0,87.0,46,0.4164712129420529,3389.0,422.5982361582536,151.27095953392032,208.89799173731853,51.93272351726173
3105000015259,336.0,132.0,167.0,46,0.4488985057311715,1021.0,748.4988159020912,294.0531062472501,372.021732903718,329.08912830558273
3105000011858,177.0,69.0,79.0,46,0.5380008600058378,3389.0,328.99575662031356,128.25258308927476,146.83991397177837,52.22779580997344
3105000014814,90.0,33.0,47.0,46,0.5457142255065146,3370.0,164.92148416410598,60.471210860172185,86.12566395236645,26.706231454005934
3105000016736,4.0,1.0,2.0,46,0.7009087244045975,160.0,5.70687717348345,1.4267192933708626,2.853438586741725,25.0
310500001021A,144.0,26.0,91.0,46,0.49851956483330784,1571.0,288.85526297879585,52.154422482282584,182.54047868798904,91.66136218968809
3105000013958,29.0,9.0,17.0,46,0.07570373227626437,1056.0,383.0722624635042,118.88449524729441,224.55960213377833,27.46212121212121
3105000011542,61.0,15.0,37.0,81,0.52822484830051,1715.0,115.48112550225348,28.396998074324628,70.04592858333407,35.56851311953353
3105000012589,116.0,29.0,78.0,46,0.528840936379782,1270.0,219.34761857523017,54.83690464380754,147.4923642143789,91.33858267716535
3105000010629,154.0,45.0,77.0,46,0.4801998755887345,1873.0,320.6997915424134,93.7109780481078,160.3498957712067,82.2210357714896
3105000010493,237.0,59.0,136.0,46,0.7341923245278309,2715.0,322.80370154021693,80.36041515136202,185.23756712856328,87.29281767955801
3105000015742,118.0,40.0,69.0,46,0.48094005391027467,2208.0,245.3528231649726,83.17044853049919,143.4690237151111,53.44202898550725
3105000011468,81.0,12.0,56.0,54,0.5330054745163709,1512.0,151.96842034970908,22.51384005180875,105.06458690844083,53.57142857142857
3105000014513,104.0,34.0,52.0,46,0.3129008395661948,2978.0,332.3736687449782,108.6606224743198,166.1868343724891,34.922766957689724
3105000012856,115.0,36.0,58.0,46,0.23567768054486185,1173.0,487.9545646160984,152.7509941406917,246.0988238933366,98.0392156862745
3105000011523,76.0,15.0,48.0,81,0.47719555692261195,1795.0,159.2638466504522,31.433653944168196,100.58769262133822,42.33983286908078
3105000014301,8.0,3.0,5.0,46,0.03218508082075774,455.0,248.56237101136648,93.21088912926243,155.35148188210405,17.582417582417584
3105000010718,200.0,80.0,89.0,46,0.7164603441402472,4702.0,279.1501325031466,111.66005300125863,124.22180896390023,42.53509145044662
3105000012678,156.0,59.0,76.0,46,0.3503572358806651,2693.0,445.2598206167349,168.3995475409446,216.92145106969136,57.927961381359076
3105000016399,105.0,25.0,65.0,46,0.23664972323978276,1069.0,443.69373672839623,105.64136588771339,274.6675513080548,98.22263797942001
3105000013407,57.0,26.0,21.0,46,0.23816779090756277,1051.0,239.3270718210706,109.1667345148743,88.17313172355233,54.23406279733587
3105000014547,17.0,9.0,6.0,46,0.039531369142975094,459.0,430.03822960229996,227.66729802474705,151.7781986831647,37.03703703703704
3105000012682,78.0,38.0,27.0,46,0.2393824276435606,2008.0,325.8384534229123,158.74181064193164,112.79023387716195,38.844621513944226
3105000013125,176.0,67.0,84.0,46,0.4797572834764595,2755.0,366.85216892311314,139.6539506695942,175.08853516784944,63.88384754990925
3105000012269,120.0,46.0,66.0,46,0.2752084586032933,2954.0,436.03310962537404,167.14602535639338,239.81821029395573,40.62288422477996
3105000010597,199.0,56.0,106.0,46,0.5803007281592484,2654.0,342.9256424186145,96.50168831880607,182.6639100320258,74.98116051243406
3105000014034,99.0,44.0,43.0,46,0.4503098442721476,4213.0,219.84862480636494,97.71049991393997,95.4898067340777,23.49869451697128
3105000013163,105.0,43.0,44.0,46,0.2681153723526211,2418.0,391.6224537170724,160.3787191412773,164.10845679572557,43.424317617866
3105000015314,139.0,52.0,71.0,46,0.30488601282342687,2103.0,455.90809074111615,170.55554473768373,232.87391685337587,66.09605325725154
3105000010652,211.0,80.0,103.0,46,0.4650394775480856,3294.0,453.72492054329376,172.02840589319194,221.48657258748466,64.05585913782636
3105000014000,140.0,38.0,69.0,46,0.6771018989742588,2592.0,206.7635613075165,56.12153806918305,101.90489807299028,54.01234567901234
3105000012663,97.0,35.0,51.0,46,0.39126100986450074,2777.0,247.91634626100995,89.4543517436634,130.3477696836238,34.92978033849478
3105000010309,159.0,42.0,81.0,46,0.48229677760178213,2261.0,329.6725323163604,87.08331042318953,167.94638438757983,70.32286598850067
310500001053A,255.0,88.0,116.0,46,0.8353106447400152,4090.0,305.27564997015816,105.35002822499575,138.87049175113077,62.34718826405868
3105000014316,51.0,21.0,25.0,46,0.1538401107608743,1716.0,331.51302184950504,136.50536193803148,162.5063832595613,29.72027972027972
3105000012803,72.0,17.0,41.0,46,0.21377416894479523,2301.0,336.80402246631206,79.52317197121256,191.79117945998325,31.290743155149936
3105000010489,307.0,104.0,161.0,46,0.7479922879035511,2585.0,410.43203915972157,139.03886668602945,215.242860927411,118.76208897485493
3105000012216,73.0,19.0,45.0,81,0.7724322353380358,4288.0,94.50667211998649,24.59762699013347,58.25753760821085,17.024253731343283
3105000014886,76.0,34.0,36.0,46,0.3796516273550693,3474.0,200.18352227138217,89.55578627930255,94.82377370749681,21.876799078871617
3105000015102,70.0,20.0,43.0,46,0.37094018021099134,2531.0,188.7096727029784,53.917049343708115,115.92165608897244,27.65705254839984
3105000015070,114.0,29.0,64.0,46,0.3048322205434808,1962.0,373.97621483959637,95.13430026621312,209.95155920819445,58.103975535168196
3105000013962,83.0,30.0,21.0,46,0.5503597883043422,1662.0,150.81043667038773,54.50979638688713,38.156857470820995,49.93983152827918
3105000015047,60.0,19.0,33.0,46,0.671074875615797,1482.0,89.40880098505004,28.312786978599174,49.17484054177751,40.48582995951417
3105000016238,12.0,1.0,8.0,33,0.09588220715583477,636.0,125.15356452419502,10.429463710349584,83.43570968279667,18.867924528301884
310500001224A,60.0,26.0,25.0,46,0.4862788403320381,1957.0,123.38599795753224,53.467265781597305,51.410832482305096,30.659172202350536
3105000010563,130.0,30.0,79.0,46,0.5310208266629691,3001.0,244.81149038342525,56.49495931925198,148.77005954069688,43.3188937020993
3105000012396,173.0,43.0,104.0,46,0.5889791400623337,1418.0,293.72856903164825,73.00767900786633,176.57671201902554,122.00282087447108
3105000013394,72.0,22.0,37.0,46,0.2571006605727168,1658.0,280.04595491747466,85.56959733589503,143.91250461036893,43.42581423401689
3105000014566,443.0,159.0,225.0,46,1.8677314201435529,5074.0,237.18613673370191,85.1300129585973,120.46699946971316,87.30784391013007
3105000013587,3.0,0.0,2.0,43,0.04652594166079539,78.0,64.48015650864127,0.0,42.98677100576084,
3105000014890,75.0,32.0,40.0,46,0.38691987609824446,2755.0,193.83858166272242,82.70446150942823,103.38057688678529,27.22323049001815
3105000013727,75.0,21.0,47.0,46,0.25955352755786715,2484.0,288.9577371791984,80.90816641017555,181.080181965631,30.193236714975843
3105000015282,50.0,18.0,21.0,46,0.22489442941119125,1520.0,222.32653841585943,80.0375538297094,93.37714613466096,32.89473684210526
3105000012979,163.0,64.0,72.0,46,0.3545765885071681,2600.0,459.70322148526395,180.49697039912203,203.0590916990123,62.692307692307686
3105000012555,201.0,48.0,111.0,81,0.4461490237091806,2355.0,450.52211104023525,107.58736980065319,248.79579266401052,85.35031847133757
3105000014867,65.0,12.0,44.0,46,0.24843845574469903,1134.0,261.63421361303045,48.30170097471331,177.10623690728215,57.31922398589065
310500001263A,238.0,83.0,123.0,46,0.5440560061765978,3113.0,437.45496290458453,152.5578231978173,226.0796657027895,76.45358175393511
3105000015263,135.0,35.0,70.0,46,0.3476130264766579,1450.0,388.3628912539191,100.68667551027532,201.37335102055064,93.10344827586208
3105000013267,224.0,90.0,108.0,46,0.8781040190306769,4900.0,255.09506293715583,102.49355207296439,122.99226248755727,45.714285714285715
3105000014087,152.0,38.0,86.0,46,0.31279257147486644,1031.0,485.94504429339855,121.48626107334964,274.94259085021235,147.42967992240543
310500001612A,152.0,57.0,66.0,46,0.6003752140769563,3319.0,253.1750086213862,94.94062823301984,109.93125374349665,45.79692678517626
3105000010169,355.0,59.0,234.0,46,0.865082861575967,1580.0,410.3653138536091,68.20155920383927,270.49431955420994,224.68354430379748
3105000010633,212.0,72.0,94.0,46,0.6136596411699635,3951.0,345.4683765675295,117.32888260784021,153.17937451579138,53.65730194887371
3105000015278,75.0,28.0,34.0,46,0.24871764334457283,1427.0,301.54676198863456,112.57745780909023,136.701198768181,52.557813594954446
3105000011913,104.0,26.0,70.0,81,0.4453933165394322,2091.0,233.5014831566125,58.37537078915312,157.1644598169507,49.73696795791487
3105000016115,122.0,38.0,69.0,46,0.4394361413240647,2698.0,277.628507369471,86.47445311508113,157.0194017089631,45.2186805040771
3105000014119,148.0,29.0,93.0,81,0.3968446586631809,1797.0,372.9418974632438,73.07645288131128,234.3486247573086,82.3594880356149
3105000015140,133.0,53.0,66.0,46,0.3641442136032486,3044.0,365.2399105397002,145.54673126770007,181.2468728994001,43.69250985545335
3105000011631,108.0,35.0,63.0,46,0.3371886359222041,2663.0,320.2954918828216,103.79946496202551,186.83903693164592,40.55576417574164
3105000010756,160.0,52.0,88.0,46,0.51541361915393,2350.0,310.4302914281655,100.88984471415378,170.736660285491,68.08510638297872
3105000015244,166.0,46.0,87.0,46,0.22495288284392234,849.0,737.9323078743328,204.4872660374657,386.7476553317286,195.5241460541814
3105000012470,77.0,28.0,37.0,46,0.5187953634853557,1731.0,148.42075588860484,53.97118395949267,71.31906451790103,44.482957827845176
3105000012818,137.0,51.0,57.0,46,0.31257509503626574,2254.0,438.2946759853178,163.1607917901548,182.35617905958478,60.78083407275954
3105000015418,208.0,34.0,151.0,62,0.4527844762625206,2829.0,459.3797069124856,75.09091362992552,333.49199876819864,73.5242135030046
3105000013981,115.0,33.0,63.0,46,0.410794299889916,1850.0,279.94546183045264,80.3321760035212,153.36142691581318,62.16216216216217
310500001637A,101.0,43.0,53.0,46,0.15819398644986096,1748.0,638.4566333184328,271.8181706207189,335.0316986720489,57.78032036613273
3105000015583,667.0,175.0,469.0,62,0.9794353017242062,3298.0,681.0046552598293,178.67438481329856,478.84735129964014,202.24378411158278
3105000013214,47.0,20.0,19.0,46,0.2841530058259017,1585.0,165.40384594346514,70.38461529509155,66.86538453033698,29.652996845425868
3105000012998,106.0,29.0,63.0,46,0.38357814518129074,2416.0,276.34525410695954,75.60389027454553,164.24293404470237,43.87417218543047
3105000014227,67.0,13.0,48.0,81,0.15350939813941458,1197.0,436.45536242120994,84.68536882799596,312.6844387495235,55.97326649958229
3105000015051,34.0,5.0,26.0,62,0.46456472028371365,1138.0,73.18678865505738,10.762763037508439,55.96636779504388,29.876977152899823
3105000013939,116.0,27.0,73.0,46,0.6748292682106831,2256.0,171.89533036641285,40.01011999907885,108.17550962713912,51.41843971631206
3105000014208,164.0,72.0,77.0,46,0.442380350310405,3205.0,370.7217101413436,162.7558727449801,174.05836390782596,51.170046801872076
310500001320A,39.0,22.0,13.0,46,0.16851427684734172,1498.0,231.43439671482778,130.5527366083644,77.14479890494259,26.034712950600802
3105000012432,106.0,29.0,70.0,46,0.32474826050945843,1672.0,326.4066752311756,89.29993945003861,215.5515779828518,63.39712918660287
3105000013144,191.0,80.0,83.0,46,0.36854728306190726,2931.0,518.2510054426762,217.06848395504758,225.20855210336188,65.165472534971
3105000016492,129.0,35.0,59.0,46,0.6661084244241535,2413.0,193.66216560242378,52.543998419262266,88.57416876389925,53.4604227103191
3105000016539,51.0,18.0,27.0,46,0.3340613777246331,591.0,152.6665559106905,53.88231385083194,80.82347077624792,86.29441624365482
3105000011665,30.0,11.0,14.0,46,0.21585805650597498,1199.0,138.9802191569792,50.95941369089237,64.85743560659029,25.020850708924105
3105000010544,194.0,67.0,104.0,46,0.43304798847971515,2304.0,447.9873020102652,154.7172640963287,240.15814128385352,84.2013888888889
3105000014570,101.0,28.0,66.0,46,0.49364293552326066,2900.0,204.60132766397268,56.721160144467675,133.6998774833881,34.82758620689655
310500001523A,182.0,42.0,102.0,46,0.28229423976927304,1272.0,644.7173706015174,148.78093167727323,361.32511978766354,143.0817610062893
3105000012860,111.0,35.0,57.0,46,0.35693473508704704,1871.0,310.98122174332514,98.05714199113856,159.69305981413996,59.32656333511491
3105000012521,173.0,51.0,94.0,46,0.47292708208164125,3701.0,365.8069215205888,107.83903466791924,198.76214232910607,46.744123209943254
3105000014176,84.0,26.0,47.0,46,0.2516043675084263,2003.0,333.85747962895283,103.33683893277112,186.80120884000934,41.93709435846231
3105000016755,22.0,7.0,12.0,46,0.46938388740233344,875.0,46.86995142025966,14.913166360991712,25.56542804741436,25.142857142857142
3105000015723,97.0,42.0,47.0,46,0.27600735509955093,1879.0,351.43990987129246,152.1698578824153,170.2853171541314,51.62320383182544
3105000012729,120.0,38.0,64.0,46,0.23868209430587123,1171.0,502.7607971556506,159.20758576595603,268.139091816347,102.47651579846286
3105000010826,187.0,66.0,97.0,46,0.5302448896975375,3855.0,352.66723665487586,124.47078940760325,182.93434200814417,48.50843060959792
3105000013159,203.0,78.0,106.0,46,0.46850220008742804,3460.0,433.29572403740644,166.4880121917128,226.2529396451482,58.67052023121387
3105000014072,95.0,30.0,57.0,46,0.244539672414362,1247.0,388.4850219273483,122.67948060863631,233.091013156409,76.18283881315156
3105000014138,159.0,60.0,74.0,46,0.3394153596637861,2740.0,468.4525772714006,176.7745574609059,218.02195420178396,58.02919708029197
3105000011773,303.0,113.0,137.0,46,0.5238902194475924,2771.0,578.365445187149,215.69404391467936,261.5051682859387,109.34680620714543
3105000013708,184.0,73.0,102.0,46,0.4299983386654475,1462.0,427.9086299985868,169.76809777117845,237.21021880356443,125.85499316005472
3105000011716,140.0,19.0,99.0,81,0.4974825263762187,2055.0,281.4169193434659,38.192296196613235,199.00196439287947,68.1265206812652
310500001509A,107.0,36.0,52.0,46,0.25214416526618844,1590.0,424.3604046401001,142.77546324339818,206.23122468490845,67.29559748427673
3105000015672,78.0,30.0,39.0,46,0.3152577701549792,2680.0,247.41658218814268,95.16022391851641,123.70829109407134,29.104477611940297
3105000011241,100.0,47.0,46.0,46,0.19728329706877135,2639.0,506.88528367984856,238.2360833295288,233.16723049273034,37.893141341417206
3105000015598,232.0,19.0,199.0,62,0.8084302671174788,1917.0,286.97589567893607,23.5023362840508,246.15604844874255,121.0224308815858
3105000014481,84.0,19.0,50.0,81,0.4175340622601098,2970.0,201.1811911711069,45.505269431559896,119.75070903042077,28.282828282828284
3105000015831,66.0,28.0,36.0,46,0.3844671669105569,2888.0,171.66615430480792,72.82806546264578,93.63608416625887,22.85318559556787
3105000015719,78.0,25.0,44.0,46,0.4121062791667787,2950.0,189.271564019129,60.6639628266439,106.76857457489328,26.440677966101696
3105000012517,103.0,34.0,57.0,46,0.2876010556524556,1108.0,358.13498586204014,118.21931572145014,198.19120576831347,92.96028880866426
3105000013290,123.0,52.0,53.0,46,0.46207839567041215,2696.0,266.18859732999186,112.53501675739494,114.69915169503714,45.62314540059347
3105000014195,95.0,19.0,73.0,81,0.4642936260838482,2076.0,204.61189786577785,40.92237957315557,157.22808993896612,45.761078998073216
3105000013430,52.0,6.0,34.0,72,0.2131172957298498,2021.0,243.9970900621593,28.153510391787613,159.53655888679646,25.72983671449777
3105000012540,120.0,29.0,80.0,62,0.36917522996962693,1452.0,325.048893474984,78.5534825897878,216.69926231665602,82.64462809917356
3105000013765,63.0,24.0,30.0,46,0.250312667243386,2219.0,251.68522509787064,95.88008575156977,119.85010718946221,28.391167192429023
3105000014829,49.0,24.0,21.0,46,0.2909242687870474,2612.0,168.42871240785803,82.49569587323658,72.18373388908202,18.759571209800917
3105000012907,119.0,59.0,49.0,46,0.33193575519722757,5184.0,358.5031083177325,177.7452385776993,147.61892695436043,22.955246913580247
3105000012574,17.0,6.0,11.0,46,0.09056111551651334,189.0,187.7185357428613,66.25360085042163,121.46493489243966,89.94708994708994
3105000014161,174.0,68.0,82.0,46,0.32056093343022146,1795.0,542.7985192645931,212.1281569539789,255.80160103273926,96.93593314763231
3105000013055,128.0,39.0,45.0,46,0.580386671364395,2046.0,220.5426249694755,67.19658104538706,77.53451659083123,62.56109481915934
3105000014104,167.0,45.0,88.0,46,0.40712709196937324,1673.0,410.1913218110349,110.53059569758426,216.1487204752759,99.82068141063957
3105000015780,96.0,32.0,46.0,46,0.3272606104685069,2022.0,293.344193982179,97.78139799405966,140.56075961646076,47.47774480712167
3105000013854,102.0,47.0,50.0,46,0.37996993807693863,2995.0,268.4422891880105,123.693995998397,131.5893574451032,34.0567612687813
3105000015935,39.0,16.0,12.0,46,0.37945390886785174,1082.0,102.77928119481332,42.165858951718285,31.62439421378871,36.04436229205175
310500001313A,101.0,41.0,46.0,46,0.2957425501038886,2793.0,341.5132518622047,138.63409234010288,155.5406889669447,36.16183315431436
310500001060A,354.0,125.0,174.0,46,1.1784899576599905,5888.0,300.38440098624375,106.06793820135725,147.6465699762893,60.122282608695656
3105000010686,123.0,45.0,54.0,46,0.3534657389830076,2710.0,347.9828069161551,127.31078301810551,152.7729396217266,45.38745387453875
3105000013996,131.0,22.0,96.0,81,0.3676434086597446,1772.0,356.3235377388229,59.84059412407713,261.1225925414275,73.92776523702031
3105000015687,153.0,58.0,78.0,46,0.3550036346931621,2830.0,430.9815028576861,163.3786089264431,219.716060280389,54.063604240282686
3105000014354,17.0,7.0,9.0,46,0.13778477898294855,860.0,123.38082715293118,50.80387000414813,65.31926143390474,19.767441860465116
3105000012771,129.0,55.0,66.0,46,0.29095865098466284,3004.0,443.3619676316134,189.0302962770445,226.83635553245338,42.94274300932091
3105000015738,100.0,35.0,57.0,46,0.29451916836887604,1979.0,339.5364741582902,118.83776595540157,193.53579027022542,50.530570995452244
3105000016153,42.0,14.0,20.0,46,0.09141553276203704,1056.0,459.44052100346914,153.14684033448972,218.78120047784245,39.77272727272727
3105000012964,101.0,45.0,43.0,46,0.36573919358781704,2056.0,276.1530669141946,123.03849515978966,117.57011759713234,49.12451361867704
3105000011824,165.0,60.0,68.0,46,0.6537773266426969,3535.0,252.37950793936903,91.77436652340693,104.01094872652784,46.67609618104668
3105000014142,59.0,29.0,24.0,46,0.09553657646055089,1609.0,617.5645201642993,303.54866245363866,251.21268616852853,36.66873834679925
3105000012292,132.0,26.0,81.0,81,0.44349500954701854,1516.0,297.63581812301226,58.625236903017566,182.64016112093935,87.07124010554091
3105000012358,122.0,30.0,71.0,46,0.22927093170315935,210.0,532.1215345256036,130.84955767023038,309.6772864862119,580.952380952381
3105000010440,593.0,165.0,325.0,46,0.5380087455226584,760.0,1102.2125661245884,306.68646443601534,604.0793996466969,780.2631578947369
3105000013036,87.0,30.0,41.0,46,0.43190183898382617,1489.0,201.43465979374534,69.4602275150846,94.92897760394895,58.42847548690396
3105000010506,936.0,449.0,411.0,46,0.6039590964246702,529.0,1549.773826639838,743.4278292321445,680.5096610565955,1769.37618147448
3105000012841,89.0,25.0,49.0,46,0.21883634499971247,1529.0,406.6966115711581,114.2406212278534,223.91161760659264,58.20797907128843
310500001199A,84.0,22.0,41.0,46,1.799911565527832,1219.0,46.66895952489012,12.222822732709318,22.778896910958274,68.90894175553733
3105000013905,79.0,18.0,54.0,46,0.5193185757251364,2930.0,152.12242290715386,34.66080521935151,103.98241565805453,26.962457337883958
3105000010455,719.0,281.0,347.0,46,0.6232638313991896,379.0,1153.604563232698,450.85240927453145,556.7465694600086,1897.0976253298154
3105000013106,85.0,38.0,40.0,46,0.2256623551050803,1818.0,376.6689395775362,168.3931729876044,177.2559715658994,46.754675467546754
3105000012428,136.0,28.0,75.0,81,0.41287998019916483,1648.0,329.39354418297637,67.81631792002455,181.65085157149431,82.5242718446602
3105000013572,108.0,39.0,53.0,46,0.4621942661889214,2101.0,233.66797881446482,84.38010346077897,114.67039701080218,51.40409328891004
3105000012894,196.0,73.0,99.0,46,0.4292539410606996,3916.0,456.60617469388404,170.06250384006907,230.63271068721693,50.051072522982636
3105000011472,279.0,51.0,186.0,46,0.5915860986877877,1660.0,471.6135159681018,86.20892227373903,314.4090106454012,168.0722891566265
3105000010807,227.0,78.0,112.0,46,0.5718523595199663,4299.0,396.9556061472791,136.3988426409153,195.85474840746812,52.80297743661316
3105000014509,77.0,30.0,35.0,46,0.22461100542922321,1211.0,342.81490282658183,133.5642478545124,155.82495583026446,63.58381502890173
3105000015649,68.0,26.0,35.0,46,0.2785750857464567,2837.0,244.09935948791116,93.33210803949544,125.63937620701309,23.96898131829397
3105000014123,91.0,36.0,38.0,46,0.3076191786994549,2368.0,295.82030738371924,117.02781391004278,123.52935912726737,38.429054054054056
3105000015117,111.0,47.0,48.0,46,0.37953350770142086,1576.0,292.4642956355878,123.83623328714079,126.47104676133527,70.43147208121827
3105000012786,111.0,39.0,58.0,46,0.3110766297884856,3432.0,356.8252622367475,125.37103808318156,186.4492361237059,32.34265734265735
3105000010436,199.0,60.0,117.0,46,0.49099942770620614,1774.0,405.2957880820045,122.19973510010185,238.2894834451986,112.17587373167983
3105000015013,111.0,23.0,72.0,81,0.39260491049637153,1755.0,282.7269782735585,58.583067570196796,183.39047239365954,63.24786324786324
3105000014091,123.0,32.0,76.0,46,0.3325646875766585,585.0,369.85285748850777,96.22188162302642,228.52696885468774,210.25641025641025
3105000013178,53.0,21.0,28.0,46,0.2011026741734009,1742.0,263.5469678255035,104.42427027048251,139.23236036064336,30.4247990815155
3105000016401,83.0,26.0,38.0,46,0.24897397366361962,1601.0,333.36817812185666,104.42858591769004,152.62639480277775,51.84259837601499
3105000011504,193.0,51.0,121.0,46,0.5020562729954106,1541.0,384.4190589403596,101.58223837284113,241.00884006105446,125.24334847501622
3105000010510,2933.0,1899.0,913.0,46,0.5590640528884475,211.0,5246.268267198418,3396.7485303136023,1633.0865761855284,13900.47393364929
3105000010281,252.0,26.0,209.0,62,0.4306268386822916,978.0,585.193437480846,60.37710069246824,485.3390017202255,257.6687116564417
3105000016172,2.0,1.0,1.0,46,0.018312150169487826,119.0,109.21710347987705,54.60855173993853,54.60855173993853,16.80672268907563
310500001231A,177.0,49.0,111.0,46,0.3840281400806257,3035.0,460.9037243021809,127.59481633224216,289.04131863018125,58.31960461285008
3105000012381,119.0,16.0,86.0,54,0.22132219329408861,657.0,537.6776645344153,72.29279523151803,388.57377436940936,181.1263318112633
3105000011699,158.0,45.0,99.0,46,0.661693164616635,1655.0,238.78136944567115,68.0073520573114,149.61617452608508,95.46827794561933
3105000013426,57.0,13.0,42.0,46,0.2501606673964782,1739.0,227.8535654434477,51.96660264499685,167.89210085306675,32.7774583093732
310500001530A,119.0,41.0,62.0,46,0.36032909333880453,2275.0,330.25365478359686,113.78487265653337,172.06492938305047,52.30769230769231
3105000015795,65.0,18.0,38.0,46,0.29523255061268994,1487.0,220.16542506951507,60.968886942327245,128.7120946560242,43.71217215870881
310500001306A,144.0,62.0,59.0,46,0.5026408395896106,3000.0,286.48686827272365,123.3485127285338,117.38003630618539,48.0
3105000012409,139.0,30.0,87.0,46,0.41191358509943227,774.0,337.44941907280537,72.83080987182849,211.20934862830265,179.58656330749355
310500001466A,62.0,20.0,33.0,46,0.593915681741919,3325.0,104.39192280317927,33.674813807477186,55.563442782337354,18.646616541353385
3105000012201,104.0,27.0,55.0,81,0.5194720683502171,2288.0,200.20325699183772,51.975845565188635,105.87672244760648,45.45454545454545
3105000014532,12.0,3.0,7.0,46,0.03492234310598897,258.0,343.61955506765736,85.90488876691434,200.44474045613345,46.51162790697674
310500001384A,127.0,41.0,62.0,46,0.5854569730335157,3154.0,216.92456636387115,70.03076551904502,105.90018200440953,40.26632847178187
3105000010741,166.0,54.0,85.0,46,0.4299624312041174,3125.0,386.0802431856989,125.59236826522736,197.69169078785788,53.12
3105000014710,12.0,6.0,5.0,46,0.0572000340322617,399.0,209.79008497148473,104.89504248574237,87.4125354047853,30.075187969924812
3105000011218,141.0,58.0,75.0,46,0.335954272182515,2200.0,419.69997608304993,172.64254335331134,223.24466812928188,64.0909090909091
3105000015634,51.0,19.0,25.0,46,0.32424281029010665,1810.0,157.28953235499426,58.598061073429236,77.10271193872268,28.1767955801105
3105000010421,285.0,79.0,161.0,46,0.869193249572581,2281.0,327.8902593182201,90.88887889873469,185.22923421134539,124.94519947391495
3105000010296,142.0,18.0,101.0,62,0.44968054246222977,999.0,315.7797293662691,40.028416398541154,224.6038920140365,142.14214214214212
3105000015225,213.0,51.0,116.0,46,0.47173182974075084,1042.0,451.52772522697524,108.11227223744477,245.90242312830574,204.41458733205374
3105000012644,144.0,46.0,79.0,46,0.33907578100476454,2153.0,424.68382605591216,135.66288887897196,232.98626568345182,66.88341848583372
3105000016505,207.0,50.0,131.0,46,1.6603774393209518,2179.0,124.67044847625564,30.11363489764629,78.89772343183328,94.99770536943552
3105000013197,69.0,25.0,36.0,46,0.1621644405988359,1389.0,425.4940216560357,154.16450060001296,221.99688086401864,49.676025917926566
3105000012451,181.0,61.0,80.0,46,0.7740224818122406,1563.0,233.84333692248782,78.80908039929147,103.35617101546424,115.80294305822136
3105000010525,476.0,126.0,248.0,46,0.6732579503891423,1586.0,707.0098462630447,187.14966518727653,368.35807116225857,300.12610340479193
3105000015850,41.0,15.0,23.0,46,0.3001547848961393,1507.0,136.59618990977265,49.97421582064853,76.62713092499442,27.2063702720637
3105000013271,116.0,49.0,48.0,46,0.49526418077225803,2881.0,234.21843231045486,98.93709640700249,96.91797199053305,40.26379729260673
3105000014068,87.0,22.0,49.0,46,0.36826603679138137,1191.0,236.2422577927938,59.739421510821415,133.05598427410226,73.04785894206549
3105000011487,124.0,28.0,70.0,81,0.3835660055571479,2081.0,323.2820380416249,72.9991698803669,182.49792470091728,59.586737145603074
3105000010667,204.0,74.0,99.0,46,0.5600404142494763,3576.0,364.2594263011989,132.13332130533686,176.77295688146418,57.04697986577181
3105000012502,209.0,44.0,142.0,46,0.9546761339165862,1695.0,218.92240999318952,46.088928419618846,148.74154171786083,123.30383480825958
3105000010671,183.0,62.0,103.0,46,0.59082283585729,3702.0,309.73752010527,104.9383947897636,174.33313973138146,49.43273905996758
3105000011561,122.0,35.0,76.0,46,0.49068399733972956,1582.0,248.63252248173927,71.32900235131864,154.88583367714904,77.11757269279393
3105000013869,18.0,8.0,5.0,46,0.11514940883588276,663.0,156.31864880569717,69.4749550247543,43.421846890471436,27.149321266968325
3105000015189,44.0,8.0,28.0,81,0.3818553956142199,1767.0,115.22686468584624,20.950339033790225,73.3261866182658,24.90096208262592
3105000012610,65.0,31.0,28.0,46,0.1494069764718622,1790.0,435.05331233472515,207.48696434425352,187.40758069803545,36.312849162011176
3105000015846,179.0,46.0,119.0,72,0.4947772851691151,2192.0,361.77893643362734,92.97112332931205,240.51225383017683,81.66058394160585
310500001288A,133.0,57.0,52.0,46,0.5607085457693671,3279.0,237.19988040757647,101.65709160324705,92.73980286612013,40.56114669106435
3105000012606,427.0,235.0,160.0,46,0.39804517492809127,1585.0,1072.7425601306172,590.3852497205972,401.96442534168324,269.40063091482654
3105000014621,60.0,7.0,41.0,81,0.3910993864702063,1451.0,153.4136899101752,17.898263822853774,104.83268810528638,41.35079255685734
3105000015032,57.0,20.0,26.0,46,0.2075473918070296,1711.0,274.63606988131477,96.3635332916894,125.27259327919622,33.31385154880187
310500001039A,147.0,49.0,70.0,46,0.3450035227099189,2672.0,426.0826058973273,142.0275352991091,202.8964789987273,55.01497005988024
3105000012875,129.0,41.0,58.0,46,0.3860493688328254,2313.0,334.1541533664884,106.20403324051182,150.23985190121184,55.77172503242542
3105000016488,145.0,48.0,75.0,46,0.4695276043091222,2573.0,308.82103345842165,102.23041107589131,159.73501730608018,56.35445005829771
3105000015761,87.0,20.0,51.0,72,1.2072642436144785,1204.0,72.06375941320609,16.56638147430025,42.24427275946564,72.25913621262458
3105000010366,125.0,49.0,64.0,46,0.4943660250281559,2495.0,252.84909089956335,99.11684363262883,129.45873454057644,50.100200400801604
3105000015210,406.0,28.0,344.0,62,0.5635871821250902,751.0,720.3854396920739,49.68175446152234,610.3758405272744,540.6125166444741
3105000013801,121.0,42.0,68.0,46,0.24428576842731886,2899.0,495.32152764765146,171.9297864562096,278.36251140529174,41.73853052776819
3105000013182,104.0,47.0,50.0,46,0.25742410070982075,2495.0,404.00257673322193,182.57808756212913,194.23200804481823,41.68336673346693
3105000013676,81.0,19.0,53.0,81,0.3538471192480627,924.0,228.91241893427812,53.69550567594178,149.78220004341654,87.66233766233766
3105000012926,135.0,37.0,87.0,46,0.4757409892771621,1676.0,283.7678548680831,77.7734120749561,182.87261758165354,80.5489260143198
3105000011453,107.0,13.0,76.0,72,0.43477330838295014,777.0,246.10526436860735,29.90063959618594,174.80373917770243,137.7091377091377
3105000011805,148.0,41.0,98.0,46,0.6609133901083223,3191.0,223.93251856456277,62.035359872615366,148.2796406711294,46.380445001566905
3105000015757,159.0,57.0,90.0,46,0.5962356047282709,2791.0,266.67310495900836,95.59979234379546,150.9470405428349,56.96882837692583
3105000012714,119.0,27.0,75.0,81,0.29713999004021,1551.0,400.48463346820637,90.86626137513926,252.40628159760905,76.72469374597034
3105000013746,60.0,15.0,37.0,46,0.6678183068707527,3682.0,89.84479668002302,22.461199170005756,55.4042912860142,16.295491580662684
3105000010347,223.0,60.0,138.0,46,0.627626870542451,3073.0,355.3066486896323,95.59820144115668,219.87586331466036,72.56752359258053
3105000012748,63.0,17.0,26.0,46,0.6139122582909029,1959.0,102.62052785098061,27.691253547090003,42.351328954372946,32.15926493108729
3105000014157,64.0,29.0,31.0,46,0.09141124891543136,1519.0,700.1326506238775,317.24760731394446,339.12675264594066,42.13298222514812
3105000010402,122.0,48.0,59.0,46,0.34543202956609237,2248.0,353.1809142112499,138.95642526344258,170.8006060529815,54.270462633451956
3105000016543,120.0,25.0,83.0,72,0.5258812286598119,1787.0,228.18840730599072,47.5392515220814,157.83031505331024,67.15165081141578
3105000012447,278.0,34.0,230.0,62,0.3635533298675163,1664.0,764.674607990269,93.52135493406168,632.6444598480643,167.06730769230768
3105000014528,16.0,5.0,10.0,72,0.04095338153759563,535.0,390.68812877666363,122.09004024270737,244.18008048541475,29.906542056074766
3105000012911,140.0,35.0,86.0,81,0.40560873232760664,2463.0,345.1602217649575,86.29005544123937,212.02699336990247,56.84125050751117
3105000014617,82.0,20.0,47.0,46,0.2651039997156106,1014.0,309.3125720018001,75.44209073214637,177.28891322054398,80.86785009861933
3105000014636,51.0,5.0,41.0,72,0.2725286720616515,2225.0,187.1362730907916,18.346693440273686,150.44288621024424,22.921348314606742
3105000014852,153.0,60.0,77.0,46,0.24795868043755104,812.0,617.0382893231011,241.97579973454947,310.5356096593385,188.42364532019704
3105000012945,92.0,38.0,33.0,46,0.28339049057988064,2337.0,324.6403921731718,134.09059676717965,116.44709719255076,39.366709456568245
310500001605A,167.0,72.0,70.0,46,0.6334936417455783,2871.0,263.6174840521446,113.65544222607431,110.49834660868336,58.16788575409265
310500001473A,97.0,42.0,45.0,46,0.710543724199386,3410.0,136.51517379777852,59.10966288151235,63.331781658763234,28.44574780058651
3105000015511,9.0,1.0,6.0,81,0.0839682457433642,202.0,107.18337533818547,11.909263926465053,71.45558355879032,44.554455445544555
3105000013040,104.0,36.0,50.0,46,0.3627952344138835,1952.0,286.66308191180616,99.22952835408674,137.81878938067604,53.27868852459016
3105000012822,132.0,37.0,73.0,46,0.4897041436960332,1869.0,269.5505065644991,75.55582380974596,149.06959832733662,70.62600321027287
3105000016473,184.0,84.0,89.0,46,0.4779634644788397,2666.0,384.9666630913502,175.74565054170336,186.2067011691857,69.0172543135784
3105000014725,107.0,42.0,41.0,46,1.0002418337089578,2538.0,106.97413004936763,41.9898454399387,40.99008721517825,42.1591804570528
3105000013657,87.0,30.0,35.0,46,0.3966939486790533,1251.0,219.31264716716834,75.62505074729943,88.22922587184934,69.54436450839329
3105000014994,35.0,10.0,20.0,46,0.31688717615142364,1253.0,110.44940481679622,31.556972804798917,63.113945609597835,27.932960893854748
3105000012413,212.0,51.0,122.0,46,0.7088372436516162,2963.0,299.0813503363194,71.94881541109571,172.11285255203285,71.54910563617955
3105000013799,110.0,40.0,63.0,46,0.18653216397388347,1852.0,589.7106303629287,214.44022922288315,337.743361026041,59.395248380129594
3105000011557,17.0,0.0,16.0,53,0.4633446069923001,1307.0,36.68975476018113,0.0,34.53153389193518,13.006885998469778
3105000013093,101.0,31.0,66.0,46,0.24212680484726593,2806.0,417.13679765324207,128.03208640842084,272.58444203083144,35.994297933000716
3105000014848,178.0,39.0,112.0,46,0.30341034806926764,797.0,586.6642358531659,128.53879324872736,369.13704727839655,223.3375156838143
3105000012343,212.0,119.0,80.0,46,0.2984439849145971,229.0,710.3510565329907,398.73479116710325,268.05700246527954,925.764192139738
3105000015422,29.0,15.0,10.0,46,0.276362536076283,1330.0,104.9346283028582,54.276531880788724,36.18435458719248,21.80451127819549
3105000012733,207.0,71.0,93.0,46,0.6060298327447924,2588.0,341.5673434135553,117.15594870706487,153.4577919684089,79.98454404945903
3105000010224,362.0,79.0,232.0,46,0.8514025374339786,694.0,425.18078591945823,92.78807206529613,272.4915534069456,521.613832853026
3105000013286,91.0,47.0,30.0,46,0.39719363688628295,2629.0,229.10739636560044,118.33019372728813,75.52991088975838,34.61392164321035
3105000010262,216.0,68.0,108.0,46,0.7909653262541518,3013.0,273.084031411252,85.97089877761637,136.542015705626,71.68934616661134
3105000015174,37.0,11.0,24.0,46,0.363501988554872,2044.0,101.78761372694585,30.261182459362278,66.02439809315406,18.101761252446185
3105000010332,236.0,79.0,110.0,46,0.9435234190222098,2686.0,250.12627693393242,83.72871134652821,116.58428162174816,87.86299329858525
3105000013341,124.0,39.0,64.0,46,0.332370786955044,1304.0,373.07731264833467,117.33883220391172,192.55603233462435,95.0920245398773
3105000013017,86.0,26.0,49.0,46,0.4038025179118442,2716.0,212.97539313208298,64.38790955155997,121.3464449240938,31.66421207658321
3105000012362,138.0,15.0,97.0,54,0.2304204540816552,310.0,598.9051646912226,65.09838746643723,420.96957228296077,445.16129032258067
3105000014250,107.0,39.0,54.0,46,0.6409011400339054,3116.0,166.95242575842417,60.8518187343789,84.25636440144771,34.33889602053915
3105000015297,165.0,82.0,65.0,46,0.5483900129362866,1529.0,300.8807529453862,149.52861661528283,118.52878146333396,107.91366906474819
3105000012288,186.0,45.0,123.0,46,0.4078345592406036,3564.0,456.0672846026974,110.33885917807194,301.5928817533967,52.18855218855219
3105000012377,105.0,25.0,68.0,46,0.211380255662608,285.0,496.735135790518,118.2702704263138,321.69513555957354,368.4210526315789
3105000012254,130.0,34.0,77.0,46,0.3931091815094207,2082.0,330.6969313228432,86.48996665366668,195.87433624506866,62.439961575408255
3105000014212,155.0,79.0,65.0,46,0.3565810489916704,2442.0,434.6837849019305,221.54850972420974,182.28674850726117,63.47256347256347
3105000010328,284.0,61.0,182.0,72,0.6169395198154844,1163.0,460.3368577927044,98.87517015970059,295.0046060502542,244.19604471195186
3105000011576,156.0,40.0,105.0,46,0.5018036820198484,1474.0,310.8785479055723,79.71244818091597,209.24517647490444,105.83446404341927
3105000012625,144.0,73.0,28.0,46,1.2905263652105694,1323.0,111.58237745611974,56.56606634928293,21.696573394245508,108.84353741496598
3105000016384,67.0,34.0,26.0,46,0.17292133046786046,2016.0,387.45942920241856,196.62120287883926,150.35739043675943,33.23412698412698
3105000012485,85.0,33.0,30.0,46,0.2529796615105511,918.0,335.99538987625243,130.44526901078035,118.58660819161851,92.59259259259258
3105000012080,132.0,51.0,58.0,46,0.2911936474235692,1840.0,453.3065922554049,175.1411833714064,199.18016932434458,71.73913043478261
3105000015009,60.0,11.0,42.0,72,0.5628735378319824,1613.0,106.59587983315355,19.542577969411486,74.61711588320749,37.197768133911964
3105000015348,86.0,34.0,38.0,46,0.3002985595185238,2061.0,286.38166009815683,113.22065631787595,126.54073353174371,41.72731683648714
3105000012339,128.0,45.0,72.0,46,0.19242729935818068,1655.0,665.1862829594835,233.85455260294341,374.16728416470943,77.34138972809667
310500001338A,75.0,19.0,40.0,46,0.48947049799273384,3076.0,153.22680387800077,38.81745698242686,81.72096206826708,24.382314694408322
310500001402A,106.0,30.0,40.0,46,0.5158436232423165,1573.0,205.4886310966506,58.15715974433508,77.54287965911344,67.38715829624921
3105000010313,204.0,41.0,130.0,62,0.5455384749087712,2205.0,373.94246122441564,75.15510250098549,238.29666646653936,92.51700680272108
3105000013712,229.0,69.0,148.0,46,0.3114189858936466,2771.0,735.3437342391395,221.56645267467525,475.2439854471295,82.64164561530134
3105000015704,66.0,19.0,42.0,46,0.2732160558102359,1637.0,241.56706239050885,69.54203311241922,153.72449424850564,40.31765424557117
310500001377A,176.0,67.0,93.0,46,0.7797130057765642,4555.0,225.7240788547714,85.92905274585047,119.2746553039417,38.63885839736553
3105000010737,167.0,52.0,86.0,46,0.41458283637899385,3039.0,402.8145531990518,125.42728602605206,207.43743458154762,54.95228693649227
3105000012235,206.0,73.0,117.0,46,0.3204394820382042,2095.0,642.8670983041964,227.8121270689628,365.123546124228,98.32935560859188
3105000014265,17.0,7.0,8.0,46,0.08782810702164594,425.0,193.55990441431481,79.70113711177669,91.0870138420305,40.0
3105000013356,65.0,23.0,36.0,46,0.4242882156061568,1840.0,153.19775004153283,54.208434630080845,84.84798463838742,35.326086956521735
3105000012930,136.0,43.0,72.0,46,0.28452750780277775,1840.0,477.98541888002393,151.1277427341252,253.05110411295385,73.91304347826087
3105000015066,46.0,12.0,28.0,46,0.36321713379729853,1223.0,126.64600791016464,33.03808902004295,77.08887438010022,37.61242845461979
3105000011650,39.0,14.0,18.0,46,0.19139467068197732,1448.0,203.76742916109018,73.14728226295546,94.046505766657,26.933701657458563
310500001391A,179.0,54.0,105.0,46,0.5477915012223338,4057.0,326.76666140416944,98.57765204371591,191.67876786278094,44.12127187577027
3105000010417,121.0,37.0,59.0,46,0.42825077227367997,2704.0,282.54473274521774,86.39797612870294,137.7697457187425,44.74852071005917
3105000013943,75.0,32.0,36.0,46,0.6913788280601869,3415.0,108.47887866400067,46.28432156330695,52.06986175872032,21.96193265007321
3105000010648,132.0,34.0,74.0,46,0.43295478331618237,2955.0,304.8817222642896,78.53014058322611,170.9185412693745,44.670050761421315
3105000014335,7.0,1.0,4.0,31,0.13173589606520358,613.0,53.136618105480544,7.590945443640078,30.363781774560312,11.419249592169658
3105000012837,108.0,36.0,46.0,46,0.2857265803179822,1454.0,377.9837349392132,125.99457831307107,160.99307228892414,74.27785419532324
3105000012697,72.0,26.0,32.0,46,0.36549215524913886,1024.0,196.99465218595725,71.1369577338179,87.55317874931433,70.3125
3105000013021,58.0,17.0,32.0,46,0.3114835112605696,2058.0,186.2056831364035,54.57752781584241,102.73417000629159,28.182701652089406
3105000014833,177.0,40.0,111.0,46,0.29180104345422164,1144.0,606.5776801369394,137.079701725862,380.39617228926704,154.7202797202797
3105000015600,54.0,13.0,31.0,46,1.075136067076865,2568.0,50.22620080713873,12.09149278690377,28.83355972261668,21.02803738317757
3105000015920,0.0,0.0,0.0,,0.11393257079190278,143.0,0.0,0.0,0.0,0.0
310500001295A,169.0,55.0,83.0,46,0.6317725197691301,4103.0,267.5013469432922,87.05665137207734,131.37640116149853,41.189373629051914
3105000014602,55.0,12.0,29.0,46,0.628765334314229,1469.0,87.47301576348266,19.08502162112349,46.122135584381766,37.44043567052417
3105000012273,101.0,30.0,62.0,46,0.2754302467959397,2693.0,366.69901426922337,108.92049928788812,225.1023651949688,37.50464166357222
310500001270A,187.0,67.0,91.0,46,0.34595302490281876,1501.0,540.535814226599,193.66791204910228,263.04149248460163,124.5836109260493
3105000012220,41.0,5.0,33.0,62,0.24078162243289208,1875.0,170.2787762028103,20.765704414976867,137.0536491388473,21.866666666666667
3105000012324,105.0,35.0,58.0,46,0.17050481965641623,1679.0,615.8183693081826,205.2727897693942,340.16633733213894,62.537224538415714
3105000016149,86.0,29.0,41.0,46,0.48744457474563413,2360.0,176.4303152720037,59.49394352195473,84.11212704828083,36.440677966101696
3105000010188,134.0,24.0,83.0,46,0.4224301113566728,1538.0,317.21223558057164,56.81413174577403,196.48220562080184,87.12613784135242
3105000010120,199.0,51.0,112.0,46,0.3228000225883554,1444.0,616.4807499216658,157.9925540000249,346.96404015691746,137.81163434903047
3105000014496,162.0,55.0,89.0,46,0.42828664205769595,3023.0,378.25134872680997,128.41866777762067,207.8047533128771,53.58914985114125
3105000015085,94.0,34.0,45.0,46,0.29879336522096095,1836.0,314.59868571876075,113.79101398338156,150.6057538015344,51.19825708061002
3105000013360,150.0,49.0,88.0,46,0.39428241904674594,2281.0,380.4379621152118,124.27640095763586,223.19027110759095,65.7606313020605
3105000011345,77.0,34.0,39.0,46,0.5486585487994172,2213.0,140.3422951642557,61.96932513746356,71.08246118709054,34.794396746497966
310500001181A,229.0,70.0,134.0,46,0.6019229356528137,2761.0,380.447373635362,116.29395700644254,222.61986055519,82.94096341905106
3105000013002,69.0,21.0,40.0,46,0.537004595708263,1304.0,128.49052047495965,39.10581057933555,74.48725824635343,52.91411042944785
3105000013089,123.0,44.0,55.0,46,0.7378030888143301,2500.0,166.71114808920683,59.63650825955366,74.54563532444207,49.2
3105000013110,147.0,45.0,75.0,46,0.5524537365668113,3132.0,266.085629022119,81.45478439452621,135.75797399087705,46.934865900383144
3105000013619,120.0,40.0,55.0,46,0.4802439993673475,2853.0,249.87298156371088,83.29099385457029,114.52511655003414,42.06098843322818
3105000014015,57.0,22.0,27.0,46,0.6721526608775187,2323.0,84.80216373105556,32.73065968567057,40.16944597786842,24.537236332328884
3105000014763,11.0,4.0,2.0,46,0.08053958655143784,404.0,136.57879896086482,49.665017803950846,24.832508901975423,27.22772277227723
3105000014960,40.0,16.0,20.0,46,1.0229700875868946,450.0,39.10182759532767,15.640731038131069,19.550913797663835,88.88888888888889
3105000015333,101.0,44.0,39.0,46,0.273999988543133,2316.0,368.61315409909446,160.58394832039758,142.33577237489786,43.60967184801382
3105000015456,10.0,5.0,4.0,46,0.08238893804946601,699.0,121.37551759674385,60.687758798371924,48.550207038697536,14.30615164520744
3105000015808,82.0,30.0,48.0,46,0.3023504306432993,2429.0,271.2084776116633,99.22261376036462,158.7561820165834,33.7587484561548
3105000016030,121.0,44.0,65.0,46,0.47532554951345113,1837.0,254.56237335412968,92.56813576513807,136.7483823803176,65.8682634730539
3105000016045,231.0,120.0,81.0,46,0.8177780539876396,5529.0,282.4727306799205,146.73908087268597,99.04887958906303,41.7797069994574
3105000016219,0.0,0.0,0.0,,0.16306342585748318,136.0,0.0,0.0,0.0,0.0
310500001644A,25.0,1.0,15.0,53,1.0297512793928305,231.0,24.277707151517873,0.9711082860607149,14.566624290910724,108.22510822510823
3105000016469,41.0,9.0,28.0,81,0.2361641462535277,1519.0,173.60806307992894,38.10908701754538,118.56160405458562,26.991441737985518
3105000016632,71.0,24.0,40.0,46,0.48335914068470553,3343.0,146.88870867203315,49.652521241250646,82.75420206875107,21.23840861501645
3105000016721,131.0,43.0,78.0,46,0.49244575963054554,3951.0,266.01914513038344,87.31926137867548,158.39307877992294,33.156162996709696
3105000013411,68.0,11.0,46.0,81,0.5068350695131519,3610.0,134.16593304271234,21.70331269808582,90.7593076465407,18.836565096952906
3105000014231,68.0,16.0,45.0,46,0.2035786685840955,1761.0,334.02320819241504,78.59369604527413,221.0447701273335,38.614423622941516
3105000012593,208.0,72.0,117.0,46,1.0530270559952437,2248.0,197.52578892990903,68.37431155266081,111.10825627307382,92.52669039145907
3105000016647,59.0,14.0,31.0,46,0.4465508827325869,3676.0,132.12380107494184,31.351410424562474,69.4209802258169,16.05005440696409
3105000016967,0.0,0.0,0.0,,0.2609026770808401,360.0,0.0,0.0,0.0,0.0
3105000015579,59.0,14.0,35.0,81,0.27988775256759246,1361.0,210.7987915110776,50.02005222296757,125.05013055741892,43.350477590007344
3105000016191,10.0,2.0,7.0,72,0.06143949215334078,260.0,162.76176201199684,32.55235240239937,113.9332334083978,38.46153846153847
3105000015691,108.0,38.0,57.0,46,0.42343334772795777,3252.0,255.05785167725267,89.7425774419963,134.61386616299447,33.210332103321036
3105000016558,94.0,35.0,50.0,46,0.21672409084948785,1841.0,433.73120003203434,161.49565958639576,230.70808512342253,51.059206952743075
310500001078A,128.0,46.0,37.0,46,6.549330499731522,1455.0,19.543982397169774,7.023618673982888,5.649432411681889,87.97250859106529
3105000016365,65.0,22.0,37.0,46,0.2444891502205207,1795.0,265.8604684149471,89.98354315582824,151.33595894389296,36.211699164345404
3105000016670,7.0,3.0,2.0,46,0.04768105041578123,494.0,146.80884625987972,62.91807696851987,41.945384645679916,14.17004048582996
3105000016454,34.0,6.0,23.0,81,0.3543407692406195,2134.0,95.9528311485712,16.932852555630213,64.90926812991582,15.932521087160262
3105000016878,74.0,24.0,45.0,81,0.5062360959098012,2991.0,146.17685423440247,47.40870948142783,88.89133027767717,24.74088933467068
3105000015475,138.0,43.0,88.0,46,0.30790975104089985,2061.0,448.1832729671149,139.65130969265172,285.7980291384501,66.95778748180494
3105000014903,209.0,59.0,123.0,46,0.6591368403193348,2115.0,317.0813512695556,89.51100346843914,186.6076851969155,98.81796690307328
3105000016789,12.0,3.0,7.0,46,0.7373703036962201,433.0,16.27404838498043,4.068512096245107,9.493194891238584,27.71362586605081
3105000016810,53.0,18.0,28.0,46,0.49375600464227587,3350.0,107.34046675219328,36.45525285923545,56.70817111436626,15.820895522388062
3105000016882,18.0,10.0,7.0,46,0.3805775772945026,1662.0,47.29653314827596,26.275851749042204,18.393096224329543,10.830324909747292
3105000013977,94.0,41.0,47.0,46,0.5022890192667799,5162.0,187.14325098569185,81.62631160014219,93.57162549284593,18.20999612553274
3105000014640,152.0,48.0,88.0,46,0.3723226649312865,1713.0,408.248044819007,128.92043520600222,236.35413121100407,88.733216579101
3105000013303,148.0,56.0,85.0,46,0.33311187275878107,4376.0,444.29518159856286,168.11169033459134,255.1695299721476,33.820840950639855
3105000014180,125.0,44.0,73.0,46,0.4424377973459739,2124.0,282.5255906024085,99.4490078920478,164.99494491180658,58.85122410546139
3105000015028,111.0,25.0,79.0,46,0.4570234524950757,2425.0,242.87593862854553,54.70178797940215,172.85765001491077,45.77319587628866
3105000011608,129.0,33.0,66.0,46,0.40978906072604365,1635.0,314.79610454081984,80.529236045326,161.058472090652,78.89908256880734
3105000015460,98.0,33.0,56.0,46,0.3987764792188388,2618.0,245.751705797623,82.75312542164856,140.4295461700703,37.4331550802139
3105000016242,44.0,6.0,12.0,43,0.9747321022997915,0.0,45.14060827194058,6.1555374916282615,12.311074983256523,
310500001594A,11.0,4.0,7.0,46,0.12835324675887752,902.0,85.70098753064217,31.16399546568806,54.536992064954106,12.195121951219512
3105000016717,62.0,16.0,39.0,46,0.39063272412087746,2544.0,158.71686157254635,40.95919008323777,99.83802582789207,24.371069182389938
3105000014320,22.0,9.0,5.0,46,0.21949072843781714,446.0,100.2320241797034,41.004009891696846,22.780005495387137,49.327354260089685
3105000015865,117.0,26.0,41.0,43,0.9183711385492741,2335.0,127.39947401311164,28.31099422513592,44.644260124252796,50.107066381156315
3105000015494,91.0,37.0,35.0,46,1.1270020552087794,4794.0,80.74519436714077,32.83046364378251,31.055843987361833,18.98206090947017
3105000016793,8.0,4.0,2.0,46,0.8558434032831873,3657.0,9.347504425821818,4.673752212910909,2.3368761064554544,2.1875854525567404
3105000012983,73.0,21.0,33.0,46,0.24542449366635685,1230.0,297.4438244099633,85.56603167957849,134.46090692505192,59.34959349593496
3105000015386,80.0,8.0,17.0,43,0.8917541870436371,3.0,89.71082071979694,8.971082071979694,19.063549402956852,
3105000016350,2.0,1.0,0.0,31,0.022180118526065738,9.0,90.17084366116576,45.08542183058288,0.0,
3105000014049,100.0,38.0,54.0,46,0.48442773124622834,3797.0,206.42914009638167,78.44307323662504,111.4717356520461,26.33658151171978
310500001085A,12.0,3.0,0.0,43,0.09603588577347685,0.0,124.95329119267784,31.23832279816946,0.0,
310500001683A,50.0,19.0,23.0,46,0.5290410487122427,3083.0,94.5106246891555,35.91403738187909,43.47488735701153,16.217969510217323
3105000013873,86.0,31.0,40.0,46,0.8467146152561452,2058.0,101.56905107157453,36.61209980486989,47.24141910305792,41.78814382896016
3105000016863,50.0,25.0,18.0,46,0.21011458673764297,1620.0,237.96539200979842,118.98269600489921,85.66754112352743,30.864197530864196
3105000010277,58.0,23.0,19.0,46,0.754843703699973,934.0,76.83709848238094,30.469883880944163,25.170773640779963,62.09850107066381
3105000016929,3.0,1.0,0.0,32,0.46978169505137063,456.0,6.3859448582217535,2.128648286073918,0.0,6.578947368421052
3105000015884,39.0,11.0,22.0,72,0.3570977487929587,1772.0,109.21379407130277,30.803890635495655,61.60778127099131,22.009029345372458
3105000010031,34.0,7.0,18.0,46,0.3097565942410438,253.0,109.76360352652304,22.598388961342977,58.11014304345337,134.38735177865613
3105000016774,52.0,14.0,35.0,46,0.5514294611064836,2791.0,94.3003659899821,25.388560074225946,63.47140018556487,18.631314940881403
3105000016952,53.0,21.0,30.0,46,0.4609253661583961,2132.0,114.9860777716162,45.560521381206414,65.08645911600917,24.859287054409005
3105000016083,19.0,5.0,12.0,46,2.382591042289396,1151.0,7.974511639959489,2.098555694726181,5.036533667342835,16.507384882710685
3105000010845,28.0,13.0,9.0,46,0.2735201667528655,571.0,102.36905136614268,47.52848813428053,32.90433793911729,49.036777583187394
310500001651A,57.0,11.0,42.0,81,0.40794979677301685,1755.0,139.72307487559502,26.964102168974474,102.95384464517527,32.478632478632484
3105000016524,83.0,25.0,49.0,46,0.28961439067434125,2524.0,286.5879689429172,86.32167739244494,169.19048768919208,32.884310618066564
3105000016651,74.0,12.0,52.0,72,0.6178366746794498,3447.0,119.77275392140355,19.422608744011388,84.16463789071601,21.467943138961417
3105000016204,0.0,0.0,0.0,,0.021057292031035544,0.0,0.0,0.0,0.0,
3105000013074,199.0,84.0,81.0,46,1.0494998110134086,5926.0,189.61413609769343,80.0381278000314,77.17962323574456,33.580830239622
3105000015441,20.0,10.0,6.0,46,0.39632237019078465,879.0,50.46396949627711,25.231984748138554,15.139190848883132,22.753128555176335
3105000016187,12.0,6.0,4.0,46,0.07514275162657036,606.0,159.6960417371357,79.84802086856784,53.23201391237856,19.801980198019802
3105000016859,31.0,17.0,10.0,46,0.11066033032202163,1325.0,280.1365214597677,153.6232537037436,90.36661982573153,23.39622641509434
3105000013604,50.0,19.0,23.0,46,0.3733046104652836,708.0,133.93887618393043,50.89677294989356,61.61188304460799,70.62146892655367
3105000010559,22.0,11.0,10.0,46,0.3963360942548887,471.0,55.50844426965445,27.754222134827224,25.23111103166111,46.709129511677276
310500001516A,80.0,38.0,34.0,46,0.7150693924916283,2252.0,111.87725392810266,53.14169561584876,47.54783291944363,35.52397868561279
3105000016064,111.0,48.0,51.0,46,1.0653109345123668,1601.0,104.19493164294695,45.05726773749058,47.873346971083734,69.3316677076827
3105000015812,78.0,33.0,38.0,46,0.4252712937881533,2402.0,183.41233264348966,77.5975253491687,89.35472615964882,32.472939217318896
3105000016223,0.0,0.0,0.0,,0.016176357018496013,0.0,0.0,0.0,0.0,
3105000014299,2.0,2.0,0.0,46,0.3529370548660959,231.0,5.666732842089361,5.666732842089361,0.0,8.658008658008658
3105000014674,4.0,2.0,0.0,46,0.12172839651639494,148.0,32.86004017527054,16.43002008763527,0.0,27.027027027027028
3105000014937,27.0,11.0,7.0,46,1.4020010992951906,22.0,19.25818746759425,7.845928227538398,4.992863417524435,
3105000013500,131.0,53.0,49.0,46,1.6942891041471824,2429.0,77.31856368511478,31.28155630008461,28.920684126493317,53.931659118979006
3105000016948,159.0,92.0,58.0,46,1.0416094492311803,448.0,152.6483847831441,88.32485157263683,55.68305860014061,354.9107142857143
3105000011684,4.0,2.0,0.0,46,0.8324201379982475,971.0,4.805265775548094,2.402632887774047,0.0,4.11946446961895
3105000015992,29.0,5.0,2.0,93,0.8541140464007623,24.0,33.95331117923425,5.854019168833491,2.3416076675333963,
3105000016897,25.0,9.0,15.0,46,0.28394486068377406,2103.0,88.04526322398276,31.696294760633794,52.82715793438965,11.887779362815026
3105000013591,48.0,20.0,14.0,46,0.8746658621837761,289.0,54.87809925513558,22.865874689639824,16.00611228274788,166.08996539792386
3105000014284,63.0,17.0,31.0,46,1.5474836358880064,1289.0,40.71125441261816,10.985576587531884,20.032522012558143,48.87509697439876
3105000016844,10.0,8.0,2.0,46,0.5327009909605431,1414.0,18.772257175584443,15.017805740467555,3.7544514351168887,7.072135785007072
310500001562A,34.0,16.0,9.0,46,0.6060973792369535,612.0,56.09659629745357,26.39839825762521,14.849099019914181,55.55555555555555
310500001587A,52.0,12.0,34.0,46,0.6486291023556986,976.0,80.16908247123942,18.500557493362944,52.418246231195006,53.27868852459016
3105000016420,17.0,6.0,7.0,46,0.25770473085646983,139.0,65.96696903274255,23.282459658615018,27.16286960171752,122.3021582733813
3105000010934,6.0,3.0,2.0,46,0.08225381582923967,,72.94494412825908,36.47247206412954,24.314981376086358,
3105000016134,89.0,27.0,37.0,46,0.685994671520016,1287.0,129.73861706942304,39.3589063019598,53.93627900638935,69.15306915306915
3105000010883,7.0,3.0,4.0,46,0.1264010039940571,,55.37930695810861,23.73398869633226,31.645318261776346,
3105000014693,95.0,29.0,45.0,46,0.3567214519158067,2173.0,266.3142333879654,81.29592387632627,126.14884739429938,43.71836171191901
3105000014689,126.0,39.0,65.0,46,0.6417112288535368,3959.0,196.35000033443086,60.775000103514316,101.29166683919053,31.826218742106594
3105000015988,32.0,19.0,11.0,46,0.5659041335688009,2135.0,56.546680085540565,33.57459130078971,19.43792127940457,14.988290398126464
3105000016740,114.0,38.0,35.0,46,1.6125775625360148,2635.0,70.69427396764611,23.56475798921537,21.704382358487837,43.26375711574953
3105000013549,13.0,5.0,1.0,46,0.5689276523538946,0.0,22.850005525682384,8.788463663723995,1.7576927327447989,
3105000015390,113.0,23.0,22.0,43,3.513429516569557,33.0,32.16230736011206,6.546310347633427,6.261688158605887,
310500001548A,25.0,9.0,13.0,46,0.3500134220652271,2052.0,71.42583233662708,25.713299641185746,37.14143281504608,12.183235867446394
3105000011097,0.0,0.0,0.0,,0.19621410186074112,,0.0,0.0,0.0,
3105000010900,0.0,0.0,0.0,,0.11093330505298275,,0.0,0.0,0.0,
3105000010898,8.0,1.0,6.0,72,0.1558157508161316,,51.34269133959569,6.417836417449461,38.50701850469677,
3105000017024,11.0,2.0,7.0,81,0.2911318398429028,1015.0,37.78356914151229,6.869739843911325,24.044089453689637,10.83743842364532
310500001669A,45.0,10.0,33.0,72,0.9645365918179982,2532.0,46.65452859096009,10.367673020213353,34.21332096670407,17.77251184834123
3105000010915,0.0,0.0,0.0,,0.23664155601327747,,0.0,0.0,0.0,
3105000016435,45.0,18.0,17.0,46,0.6928504044137443,773.0,64.94908527631844,25.979634110527375,24.536321104386968,58.214747736093145
310500001498A,9.0,2.0,7.0,81,0.7323423110865177,220.0,12.289335005985684,2.7309633346634854,9.558371671322199,40.90909090909091
3105000010614,246.0,71.0,128.0,46,0.6874479889114377,2786.0,357.8452537035374,103.28054070305349,186.19590436606825,88.2986360373295
3105000016666,27.0,5.0,19.0,81,0.17751788159043252,1413.0,152.0973535629167,28.166176585725317,107.0314710257562,19.108280254777068
310500001676A,0.0,0.0,0.0,,0.08347657195682177,368.0,0.0,0.0,0.0,0.0
3105000016914,4.0,1.0,3.0,46,0.688644085294324,632.0,5.808515727381024,1.452128931845256,4.356386795535768,6.329113924050633
3105000014744,5.0,2.0,3.0,46,0.06418488821198384,541.0,77.8999565051273,31.159982602050924,46.73997390307639,9.24214417744917
3105000015526,63.0,21.0,29.0,46,1.075274599665677,1819.0,58.589684922891216,19.529894974297072,26.96985496450548,34.63441451346894
3105000017039,26.0,14.0,4.0,46,0.1160308596932867,167.0,224.07831906725332,120.65755642082871,34.473587548808204,155.68862275449104
3105000015969,11.0,4.0,4.0,46,0.28051416545119906,290.0,39.21370595423163,14.25952943790241,14.25952943790241,37.93103448275862
3105000016168,1.0,0.0,1.0,81,0.1980667174752833,14.0,5.048803820989207,0.0,5.048803820989207,
3105000017005,38.0,11.0,21.0,46,0.32855440149818377,1512.0,115.65816749592399,33.47999585408326,63.916355721431685,25.13227513227513
3105000014871,97.0,21.0,41.0,46,2.276624269075774,613.0,42.60694279578178,9.224183491870281,18.00912015079436,158.23817292006527
3105000016702,54.0,18.0,28.0,46,0.507592544118208,1957.0,106.38454135257058,35.46151378419019,55.16235477540697,27.593254982115482
3105000016806,21.0,9.0,7.0,46,0.4734532928449518,1163.0,44.3549560587324,19.009266882313884,14.7849853529108,18.056749785038694
3105000015899,10.0,6.0,3.0,46,0.26573112735493465,229.0,37.63202338972916,22.5792140338375,11.28960701691875,43.66812227074236
3105000015437,47.0,18.0,18.0,46,0.35602220531949286,1412.0,132.01423758897957,50.558644183013456,50.558644183013456,33.28611898016997
3105000013233,118.0,40.0,58.0,46,0.42159579191292507,2062.0,279.88894164382765,94.87760733689073,137.57253063849157,57.22599418040737
3105000013248,17.0,7.0,5.0,46,0.11703735246019761,308.0,145.25277309038077,59.80996539015678,42.72140385011199,55.19480519480519
3105000011843,132.0,47.0,56.0,46,0.7640436092417092,3111.0,172.76500765578828,61.514813331985216,73.2942456721526,42.43008678881389
3105000015155,125.0,56.0,57.0,46,0.4731920726101342,2773.0,264.1633434611409,118.34517787059113,120.45848461828025,45.07753335737468
3105000013483,185.0,60.0,89.0,46,1.2586002863410446,4738.0,146.98868418171512,47.672005680556246,70.7134750928251,39.04601097509497
3105000015121,138.0,62.0,66.0,46,0.410086595617188,1822.0,336.5142910665183,151.1875800443778,160.94161746659572,75.74094401756312
3105000010474,28.0,6.0,14.0,46,0.5550919168635373,350.0,50.442096433703725,10.809020664365084,25.221048216851862,80.0
3105000011148,1.0,0.0,0.0,43,0.03460093202675928,,28.900955593526533,0.0,0.0,
3105000014477,160.0,39.0,86.0,46,2.878201933772388,725.0,55.59026214338337,13.550126397449697,29.879765902068563,220.68965517241378
3105000016100,20.0,5.0,9.0,46,0.9016671541744647,230.0,22.181134033113704,5.545283508278426,9.981510314901167,86.95652173913044
3105000010027,9.0,4.0,5.0,46,0.2377725873991319,21.0,37.85129353407061,16.822797126253604,21.028496407817006,
3105000013445,325.0,63.0,230.0,62,1.294026691971231,1780.0,251.1540156137872,48.68523994974952,177.73976489591095,182.58426966292134
3105000015916,28.0,14.0,12.0,46,1.1307038840791004,2338.0,24.76333582492692,12.38166791246346,10.612858210682965,11.976047904191617
3105000014759,39.0,19.0,16.0,46,0.23310710499904766,789.0,167.30506777199832,81.5075971196915,68.63797652184547,49.42965779467681
3105000016581,0.0,0.0,0.0,,0.2767322883882359,21.0,0.0,0.0,0.0,
3105000016007,6.0,4.0,1.0,46,0.19766432550823199,322.0,30.354491052307374,20.236327368204915,5.059081842051229,18.633540372670808
310500001427A,59.0,18.0,31.0,46,1.5290704187274844,809.0,38.585534895836055,11.77185810381439,20.273755623235893,72.92954264524104
3105000011171,0.0,0.0,0.0,,0.2217024216236234,,0.0,0.0,0.0,
3105000016257,1.0,0.0,1.0,81,1.5544273743657435,221.0,0.6433237193908993,0.0,0.6433237193908993,4.524886877828055
3105000010864,0.0,0.0,0.0,,0.1366032351383813,8.0,0.0,0.0,0.0,
3105000010949,4.0,1.0,3.0,62,0.2993631683108571,,13.361697173936982,3.3404242934842454,10.021272880452736,
3105000016416,44.0,12.0,18.0,46,0.4882635577437687,741.0,90.11526521315841,24.576890512679565,36.86533576901935,59.37921727395411
3105000016613,32.0,12.0,5.0,46,0.7354595286023284,1140.0,43.510211990608084,16.31632949647803,6.798470623532513,28.070175438596493
3105000011063,0.0,0.0,0.0,,0.10863697091944023,,0.0,0.0,0.0,
3105000011044,5.0,5.0,0.0,46,0.23071277262855547,,21.671968755929843,21.671968755929843,0.0,
3105000010879,2.0,1.0,1.0,46,0.020349674159639276,7.0,98.28167194768747,49.140835973843735,49.140835973843735,
3105000010953,20.0,8.0,10.0,46,0.42985078213388955,,46.52777389566414,18.611109558265657,23.26388694783207,
3105000010154,21.0,11.0,8.0,46,0.5138322918067425,186.0,40.869366006872745,21.407763146457153,15.569282288332476,112.90322580645162
310500001690A,18.0,4.0,13.0,81,0.1986183254854935,1414.0,90.62607871656166,20.139128603680373,65.45216796196121,12.72984441301273
3105000011326,0.0,0.0,0.0,,0.20187531011488521,,0.0,0.0,0.0,
3105000016971,1.0,1.0,0.0,46,0.600805276062451,1053.0,1.6644327868652977,1.6644327868652977,0.0,0.9496676163342831
3105000016825,124.0,62.0,47.0,46,1.3143283358328406,7244.0,94.3447665391965,47.17238326959825,35.759709897921255,17.11761457758145
3105000014462,19.0,8.0,9.0,46,0.6134713539609892,1263.0,30.971291287397612,13.040543699956888,14.6706116624515,15.043547110055425
3105000014975,52.0,18.0,17.0,46,1.282320197122942,313.0,40.55149417179032,14.037055674850496,13.257219248469912,166.13418530351436
3105000016261,11.0,6.0,5.0,46,0.6147868468923346,570.0,17.892380189334776,9.759480103273514,8.13290008606126,19.29824561403509
3105000015973,33.0,15.0,9.0,46,0.40915870524289744,1368.0,80.65330048497812,36.66059112953551,21.996354677721307,24.12280701754386
3105000016990,22.0,6.0,13.0,81,0.32224489128515293,1207.0,68.27105904537773,18.61937973964847,40.34198943590501,18.227009113504554
3105000016098,50.0,13.0,15.0,43,2.390171993195273,380.0,20.918996684066276,5.438939137857232,6.275699005219883,131.57894736842104
310500001135A,0.0,0.0,0.0,,0.032445174887159395,,0.0,0.0,0.0,
3105000010987,10.0,4.0,5.0,46,0.3639773538447175,,27.474236774264444,10.989694709705777,13.737118387132222,
3105000016986,43.0,21.0,18.0,46,0.46709846220811285,656.0,92.0576783676963,44.95840106329354,38.535772339965895,65.54878048780488
3105000014778,0.0,0.0,0.0,,0.8307763662464904,2170.0,0.0,0.0,0.0,0.0
310500001345A,75.0,19.0,38.0,46,1.148810002707028,1081.0,65.28494687831044,16.53885320917198,33.07770641834396,69.38020351526364
3105000014585,0.0,0.0,0.0,,1.0016764225393016,438.0,0.0,0.0,0.0,0.0
3105000016628,4.0,2.0,2.0,46,0.8600568458298079,3620.0,4.650855370078106,2.325427685039053,2.325427685039053,1.1049723756906078
3105000011383,0.0,0.0,0.0,,0.1192856663222933,,0.0,0.0,0.0,
3105000015776,37.0,11.0,25.0,46,0.7790087545765652,2920.0,47.4962569838019,14.120508833022186,32.09206552959588,12.67123287671233
3105000013515,84.0,39.0,39.0,46,0.5427885078644398,3701.0,154.75640840387655,71.85118961608553,71.85118961608553,22.69656849500135
3105000015136,102.0,41.0,55.0,46,0.5165630558959127,4841.0,197.45895265989168,79.37075548093685,106.47296466954944,21.070026853955795
3105000016079,78.0,36.0,37.0,46,0.504050681333921,1992.0,154.74634374777673,71.4213894220508,73.40531690599666,39.1566265060241
310500001092A,3.0,3.0,0.0,46,0.06971387467547008,,43.0330406101441,43.0330406101441,0.0,
310500001701A,36.0,15.0,18.0,46,0.11836036241495525,2128.0,304.15587841636477,126.73161600681865,152.07793920818239,16.917293233082706
3105000010968,0.0,0.0,0.0,,0.08832870248566554,,0.0,0.0,0.0,
3105000017043,1.0,1.0,0.0,46,0.9318718013305916,311.0,1.0731089819137463,1.0731089819137463,0.0,3.215434083601286
